content_id,theme,theme_description,curiosity_security,logic_emotion,independence_belonging,observation_action,present_future,spontaneity_control,pragmatism_idealism,stability_transformation,nature_technology,creator_builder,emotional_intensity,privacy_level,vulnerability_level,contradiction_probe,shadow_probe,mask_core_probe,relationship_relevance,option_A_strength,option_B_strength,option_C_strength,option_D_strength
semantic_v3_q0001,risk_discovery,Curiosity vs security under uncertainty,0.7952,0.1086,-0.0713,0.1239,0.3655,-0.3853,0.242,0.5459,-0.0549,-0.0501,0.213,0.14,0.19,0,0,0,0,1.0,0.36,-0.36,-1.0
semantic_v3_q0002,emotional_exposure,Emotional openness and disclosure,-0.0422,1.0473,0.4141,-0.1341,-0.1285,0.1654,0.5052,0.0769,-0.1453,-0.1896,0.839,0.48,0.724,0,1,0,1,1.0,0.36,-0.36,-1.0
semantic_v3_q0003,belonging_autonomy,"Belonging, independence, social alignment",0.024,0.24,0.7814,0.1028,-0.0868,0.2338,0.4101,-0.1444,0.1073,0.0192,0.27,0.349,0.295,0,0,1,1,1.0,0.36,-0.36,-1.0
semantic_v3_q0004,act_or_observe,Action versus observation,0.1398,0.2295,-0.1312,0.6981,0.0621,-0.0474,0.0923,0.0709,0.0153,0.3764,0.336,0.05,0.244,0,0,0,0,1.0,0.36,-0.36,-1.0
semantic_v3_q0005,future_orientation,Future planning and long-range identity,0.0966,0.0184,0.0031,0.1581,1.0972,0.4929,0.2674,0.3379,0.2573,0.1969,0.329,0.216,0.293,0,0,0,0,1.0,0.36,-0.36,-1.0
semantic_v3_q0006,control_spontaneity,"Control, planning, certainty",-0.1407,0.0564,0.0968,0.0425,0.1217,0.7257,-0.0209,-0.1574,0.0226,0.1682,0.191,0.152,0.179,0,1,0,0,1.0,0.36,-0.36,-1.0
semantic_v3_q0007,values_idealism,Pragmatism versus ideals,0.073,0.1937,-0.0396,0.029,0.0466,0.0115,0.7284,0.154,-0.3273,-0.077,0.356,0.385,0.365,0,0,0,0,1.0,0.36,-0.36,-1.0
semantic_v3_q0008,change_stability,Transformation versus stability,0.3222,0.1155,-0.092,0.0616,0.3234,-0.3434,0.2825,0.8853,0.0288,0.0498,0.326,0.133,0.264,0,0,0,0,1.0,0.36,-0.36,-1.0
semantic_v3_q0009,nature_technology,"Nature, technology and attention direction",0.0724,-0.069,-0.0085,0.0328,0.097,0.0451,-0.1589,-0.0615,0.8658,0.1807,0.244,0.474,0.318,0,0,0,0,1.0,0.36,-0.36,-1.0
semantic_v3_q0010,creator_builder,Ideas versus execution,0.3738,-0.0759,-0.1339,0.2808,0.2683,0.373,0.019,-0.0353,0.1471,0.9497,0.199,0.067,0.157,0,0,0,0,1.0,0.36,-0.36,-1.0
semantic_v3_q0011,taboo_private,Private self-disclosure,0.0942,0.7012,0.2168,-0.0686,0.0766,0.3212,0.5736,0.1006,-0.0058,0.0837,0.475,0.593,0.513,0,1,1,1,1.0,0.36,-0.36,-1.0
semantic_v3_q0012,contradiction_probe,Conflict between declared and behavioral identity,0.1031,0.2768,-0.1426,0.177,0.19,0.2068,0.0537,0.2728,0.0631,0.0552,0.29,0.33,0.303,1,0,1,0,1.0,0.36,-0.36,-1.0
semantic_v3_q0013,relationship_boundaries,"Trust, intimacy and personal boundaries",-0.0759,0.7318,0.7422,0.0498,0.266,0.3382,0.4261,-0.1372,-0.2207,0.0803,0.787,0.779,0.784,0,0,1,1,1.0,0.36,-0.36,-1.0
semantic_v3_q0014,solitude_social_energy,"Solitude, belonging and social recovery",-0.0398,0.1979,0.8863,-0.1904,0.0266,0.3704,0.093,-0.1832,-0.0754,-0.0898,0.255,0.152,0.222,0,0,0,1,1.0,0.36,-0.36,-1.0
semantic_v3_q0015,execution_pressure,"Pressure, performance and follow-through",0.0955,-0.3633,-0.1482,0.6248,0.3336,0.3924,-0.1722,-0.1847,0.3312,0.5849,0.31,0.305,0.308,0,0,0,0,1.0,0.36,-0.36,-1.0
semantic_v3_q0016,moral_choice,Ethical tension and ideal/practical tradeoff,-0.022,0.357,0.0727,-0.0439,0.1763,-0.0589,0.7349,0.2192,-0.0249,0.1041,0.336,0.121,0.267,0,0,0,0,1.0,0.36,-0.36,-1.0
semantic_v3_q0017,attention_style,"Attention, novelty and depth",0.5835,-0.0291,-0.0052,-0.4403,0.2763,-0.1153,0.2278,0.4694,0.1584,-0.3018,0.122,0.05,0.099,0,0,0,0,1.0,0.36,-0.36,-1.0
semantic_v3_q0018,comfort_zone,"Stability, safety and familiar patterns",-0.6494,0.0346,0.0613,-0.2002,-0.0878,0.42,-0.1758,-0.5601,-0.0933,0.2404,0.372,0.213,0.321,0,1,0,0,1.0,0.36,-0.36,-1.0
semantic_v3_q0019,digital_nature_tension,Digital life versus natural grounding,0.1266,-0.0681,0.007,-0.1164,0.3041,0.1987,0.1147,0.2387,0.7253,0.1965,0.42,0.216,0.355,1,0,0,0,1.0,0.36,-0.36,-1.0
semantic_v3_q0020,identity_mask,"Self-presentation, masking and private core",0.0801,0.3962,0.2487,-0.0702,0.2139,0.2248,0.4028,0.2085,-0.0164,-0.2118,0.617,0.672,0.635,1,1,1,0,1.0,0.36,-0.36,-1.0
semantic_v3_q0021,risk_discovery,Curiosity vs security under uncertainty,0.9189,0.1406,-0.0122,0.1741,0.4033,-0.4409,-0.0063,0.809,-0.0881,0.1372,0.466,0.36,0.432,0,0,0,0,1.0,0.36,-0.36,-1.0
semantic_v3_q0022,emotional_exposure,Emotional openness and disclosure,-0.0859,0.9634,0.3449,-0.3877,0.1037,0.0963,0.311,0.1414,-0.1999,-0.0701,0.899,0.965,0.92,0,1,0,1,1.0,0.36,-0.36,-1.0
semantic_v3_q0023,belonging_autonomy,"Belonging, independence, social alignment",0.2706,0.2056,0.854,-0.0483,0.0367,0.1872,0.2648,-0.1806,0.0475,0.0014,0.265,0.655,0.39,0,0,1,1,1.0,0.36,-0.36,-1.0
semantic_v3_q0024,act_or_observe,Action versus observation,0.1791,-0.1145,0.0542,1.0998,0.2226,-0.0828,-0.0138,-0.0076,0.0506,0.2998,0.443,0.113,0.337,0,0,0,0,1.0,0.36,-0.36,-1.0
semantic_v3_q0025,future_orientation,Future planning and long-range identity,0.3177,-0.1341,-0.03,0.1954,1.1183,0.5018,0.2453,0.3835,0.151,0.2455,0.386,0.271,0.349,0,0,0,0,1.0,0.36,-0.36,-1.0
semantic_v3_q0026,control_spontaneity,"Control, planning, certainty",0.1039,0.0374,0.2362,-0.0528,0.2594,0.8113,-0.0609,-0.3188,-0.2353,0.1446,0.257,0.275,0.263,0,1,0,1,1.0,0.36,-0.36,-1.0
semantic_v3_q0027,values_idealism,Pragmatism versus ideals,0.028,-0.0047,0.155,0.0364,0.3487,0.0735,0.8569,0.0165,0.0292,-0.1126,0.384,0.524,0.429,0,0,0,0,1.0,0.36,-0.36,-1.0
semantic_v3_q0028,change_stability,Transformation versus stability,0.2163,-0.0424,0.0866,0.0737,0.2691,-0.4391,0.1032,0.9685,0.249,0.0571,0.392,0.05,0.283,0,0,0,0,1.0,0.36,-0.36,-1.0
semantic_v3_q0029,nature_technology,"Nature, technology and attention direction",0.0294,0.0378,0.0169,0.0753,0.1447,0.0253,-0.0612,0.032,0.9571,0.1149,0.431,0.367,0.411,0,0,0,0,1.0,0.36,-0.36,-1.0
semantic_v3_q0030,creator_builder,Ideas versus execution,0.3508,-0.0009,0.0045,0.2744,0.3851,0.1651,0.04,0.1529,0.1942,0.9153,0.376,0.05,0.272,0,0,0,0,1.0,0.36,-0.36,-1.0
semantic_v3_q0031,taboo_private,Private self-disclosure,0.2992,0.6319,0.1588,-0.2444,0.0724,0.0821,0.367,0.2296,-0.1677,-0.1623,0.636,0.817,0.694,0,1,1,1,1.0,0.36,-0.36,-1.0
semantic_v3_q0032,contradiction_probe,Conflict between declared and behavioral identity,0.1485,0.3272,-0.0386,0.1313,0.1593,0.2631,0.1812,0.342,-0.0036,-0.0381,0.31,0.317,0.312,1,0,1,0,1.0,0.36,-0.36,-1.0
semantic_v3_q0033,relationship_boundaries,"Trust, intimacy and personal boundaries",-0.275,0.8354,0.7604,-0.1631,0.057,0.367,0.2179,-0.2693,-0.1631,-0.0355,0.576,0.6,0.584,0,0,1,1,1.0,0.36,-0.36,-1.0
semantic_v3_q0034,solitude_social_energy,"Solitude, belonging and social recovery",0.0423,0.2051,0.5596,0.0966,-0.0075,0.1359,-0.0798,0.0992,-0.1475,0.0997,0.43,0.213,0.361,0,0,0,1,1.0,0.36,-0.36,-1.0
semantic_v3_q0035,execution_pressure,"Pressure, performance and follow-through",-0.0939,-0.4338,-0.146,0.9495,0.2898,0.7906,-0.2645,0.0021,0.1636,0.8826,0.361,0.373,0.365,0,0,0,0,1.0,0.36,-0.36,-1.0
semantic_v3_q0036,moral_choice,Ethical tension and ideal/practical tradeoff,0.1778,0.3521,0.1946,0.0439,0.1476,0.07,0.9822,-0.015,-0.237,0.2867,0.336,0.446,0.371,0,0,0,0,1.0,0.36,-0.36,-1.0
semantic_v3_q0037,attention_style,"Attention, novelty and depth",0.791,-0.153,-0.0266,-0.4412,0.4761,-0.124,0.1866,0.4441,0.132,-0.3923,0.172,0.362,0.233,0,0,0,0,1.0,0.36,-0.36,-1.0
semantic_v3_q0038,comfort_zone,"Stability, safety and familiar patterns",-0.6107,0.1172,0.358,-0.1236,-0.2285,0.6485,-0.1151,-0.6925,-0.2656,0.2264,0.382,0.455,0.405,1,1,0,0,1.0,0.36,-0.36,-1.0
semantic_v3_q0039,digital_nature_tension,Digital life versus natural grounding,0.4038,-0.0369,-0.0235,-0.2617,0.1932,0.015,0.1867,0.2063,0.8698,-0.0075,0.182,0.252,0.204,0,0,0,1,1.0,0.36,-0.36,-1.0
semantic_v3_q0040,identity_mask,"Self-presentation, masking and private core",0.1491,0.6661,0.3776,-0.1449,0.0403,0.1901,0.2438,0.2122,-0.1477,-0.1951,0.477,0.91,0.616,1,1,1,0,1.0,0.36,-0.36,-1.0
semantic_v3_q0041,risk_discovery,Curiosity vs security under uncertainty,0.7066,0.0041,0.0907,0.4257,0.2515,-0.3645,0.2696,0.8034,-0.0028,-0.0619,0.294,0.26,0.283,0,0,0,0,1.0,0.36,-0.36,-1.0
semantic_v3_q0042,emotional_exposure,Emotional openness and disclosure,0.0974,0.9613,0.3699,-0.1017,-0.1321,0.0567,0.3412,0.0194,-0.2367,-0.175,0.839,0.679,0.788,0,1,0,1,1.0,0.36,-0.36,-1.0
semantic_v3_q0043,belonging_autonomy,"Belonging, independence, social alignment",-0.0147,0.1491,1.0631,0.0751,-0.0354,0.1613,0.1124,-0.0214,0.1359,0.0619,0.416,0.259,0.366,0,0,1,1,1.0,0.36,-0.36,-1.0
semantic_v3_q0044,act_or_observe,Action versus observation,0.0338,-0.059,0.1601,1.0275,0.3341,-0.0568,-0.007,0.1964,-0.0578,0.1754,0.344,0.126,0.274,0,0,0,0,1.0,0.36,-0.36,-1.0
semantic_v3_q0045,future_orientation,Future planning and long-range identity,0.2973,-0.0625,-0.0765,0.2585,0.6761,0.2764,0.3634,0.1601,0.4505,0.2188,0.295,0.311,0.3,0,0,0,0,1.0,0.36,-0.36,-1.0
semantic_v3_q0046,control_spontaneity,"Control, planning, certainty",0.0458,0.0039,0.1555,0.0372,0.1295,1.0572,-0.1843,-0.6076,-0.073,0.0966,0.408,0.134,0.32,0,1,0,0,1.0,0.36,-0.36,-1.0
semantic_v3_q0047,values_idealism,Pragmatism versus ideals,0.0538,0.0729,0.2169,0.0081,-0.0482,0.0848,1.0378,0.313,-0.3405,-0.0933,0.244,0.05,0.182,0,0,0,0,1.0,0.36,-0.36,-1.0
semantic_v3_q0048,change_stability,Transformation versus stability,0.3329,-0.1632,-0.0758,0.1497,0.3443,-0.6791,0.2287,0.9391,-0.0533,-0.2032,0.355,0.496,0.4,0,0,0,0,1.0,0.36,-0.36,-1.0
semantic_v3_q0049,nature_technology,"Nature, technology and attention direction",0.0782,-0.1448,0.0777,-0.0281,0.1597,-0.0435,-0.2086,-0.0049,1.2051,0.1504,0.419,0.293,0.379,0,0,0,0,1.0,0.36,-0.36,-1.0
semantic_v3_q0050,creator_builder,Ideas versus execution,0.2168,0.1107,-0.0293,0.2916,0.276,0.2333,0.1071,0.1749,0.1274,1.0379,0.251,0.085,0.198,0,0,0,0,1.0,0.36,-0.36,-1.0
semantic_v3_q0051,taboo_private,Private self-disclosure,0.2141,0.8337,0.2036,-0.1505,0.0072,0.1494,0.0735,0.1407,-0.1273,-0.0348,0.737,0.693,0.723,0,1,1,1,1.0,0.36,-0.36,-1.0
semantic_v3_q0052,contradiction_probe,Conflict between declared and behavioral identity,0.1671,0.379,-0.098,0.0472,0.2332,0.2655,0.4478,0.4504,0.0512,0.1418,0.608,0.272,0.5,1,0,1,1,1.0,0.36,-0.36,-1.0
semantic_v3_q0053,relationship_boundaries,"Trust, intimacy and personal boundaries",-0.1046,0.7549,0.6009,-0.0546,0.0821,0.3425,0.1284,0.0456,-0.2404,-0.0254,0.656,0.68,0.664,0,0,1,1,1.0,0.36,-0.36,-1.0
semantic_v3_q0054,solitude_social_energy,"Solitude, belonging and social recovery",0.1233,0.2607,0.6605,-0.11,0.2469,0.4181,-0.0265,-0.185,-0.0513,-0.0542,0.458,0.076,0.336,0,0,0,1,1.0,0.36,-0.36,-1.0
semantic_v3_q0055,execution_pressure,"Pressure, performance and follow-through",-0.0359,-0.5522,-0.2105,0.7039,0.4157,0.4517,-0.189,0.0402,0.1411,0.9022,0.587,0.187,0.459,0,0,0,0,1.0,0.36,-0.36,-1.0
semantic_v3_q0056,moral_choice,Ethical tension and ideal/practical tradeoff,0.0962,0.3004,0.0606,0.0049,0.231,0.091,0.8605,0.0277,0.0099,0.0599,0.479,0.273,0.413,0,0,0,0,1.0,0.36,-0.36,-1.0
semantic_v3_q0057,attention_style,"Attention, novelty and depth",0.4938,-0.3522,-0.1521,-0.1806,0.3262,0.0398,0.0104,0.2809,0.259,0.0218,0.323,0.307,0.318,1,0,0,0,1.0,0.36,-0.36,-1.0
semantic_v3_q0058,comfort_zone,"Stability, safety and familiar patterns",-0.4381,0.1843,0.2087,-0.2947,-0.2714,0.4443,0.2437,-0.7765,-0.2122,0.2587,0.231,0.213,0.225,0,1,0,0,1.0,0.36,-0.36,-1.0
semantic_v3_q0059,digital_nature_tension,Digital life versus natural grounding,0.1574,0.0817,0.157,-0.1271,0.0713,0.1445,-0.0192,-0.0679,0.8865,-0.029,0.296,0.05,0.217,0,0,0,0,1.0,0.36,-0.36,-1.0
semantic_v3_q0060,identity_mask,"Self-presentation, masking and private core",0.1811,0.4047,0.3997,0.1172,0.1851,0.1628,0.4883,0.1733,-0.1366,-0.1073,0.566,0.478,0.538,1,1,1,0,1.0,0.36,-0.36,-1.0
semantic_v3_q0061,risk_discovery,Curiosity vs security under uncertainty,0.9048,0.0943,-0.1439,0.1238,0.4298,-0.4647,0.0938,0.7816,-0.0125,0.2804,0.228,0.293,0.249,0,0,0,0,1.0,0.36,-0.36,-1.0
semantic_v3_q0062,emotional_exposure,Emotional openness and disclosure,0.0284,0.9542,0.173,-0.1338,0.003,0.1744,0.2816,0.1506,-0.3504,-0.017,0.728,0.778,0.744,0,1,0,1,1.0,0.36,-0.36,-1.0
semantic_v3_q0063,belonging_autonomy,"Belonging, independence, social alignment",0.031,0.0943,0.6837,-0.0813,-0.0225,0.5466,0.0922,0.0133,0.0323,0.1033,0.159,0.465,0.257,0,0,1,1,1.0,0.36,-0.36,-1.0
semantic_v3_q0064,act_or_observe,Action versus observation,0.0594,0.0836,-0.0647,1.1986,0.129,-0.2389,-0.0124,-0.0225,-0.0348,0.2335,0.394,0.321,0.371,0,0,0,0,1.0,0.36,-0.36,-1.0
semantic_v3_q0065,future_orientation,Future planning and long-range identity,0.1212,-0.0561,-0.1765,0.1229,0.9496,0.3609,0.2173,0.2674,0.2602,0.2404,0.24,0.089,0.192,0,0,0,1,1.0,0.36,-0.36,-1.0
semantic_v3_q0066,control_spontaneity,"Control, planning, certainty",0.0664,-0.221,0.0969,-0.0703,0.0564,1.1138,-0.1255,-0.3819,0.1358,0.2095,0.376,0.524,0.423,0,1,0,0,1.0,0.36,-0.36,-1.0
semantic_v3_q0067,values_idealism,Pragmatism versus ideals,0.1317,0.1444,0.2799,-0.1303,0.0974,0.1194,0.7169,0.1466,-0.0429,-0.1241,0.214,0.499,0.305,0,0,0,0,1.0,0.36,-0.36,-1.0
semantic_v3_q0068,change_stability,Transformation versus stability,0.2597,-0.0188,-0.0184,-0.0053,0.5034,-0.3431,0.1283,0.9227,0.1009,0.023,0.17,0.116,0.153,0,0,0,0,1.0,0.36,-0.36,-1.0
semantic_v3_q0069,nature_technology,"Nature, technology and attention direction",0.2921,0.0594,-0.1076,0.1203,0.1949,0.0894,-0.0416,0.0954,0.8708,0.295,0.218,0.05,0.164,0,0,0,0,1.0,0.36,-0.36,-1.0
semantic_v3_q0070,creator_builder,Ideas versus execution,0.4548,-0.0495,0.0388,0.067,0.2533,0.1717,0.0761,0.1757,0.0495,1.0172,0.446,0.527,0.472,0,0,0,0,1.0,0.36,-0.36,-1.0
semantic_v3_q0071,taboo_private,Private self-disclosure,0.1006,0.8694,0.1542,-0.2098,0.0881,0.2551,0.4783,0.2749,-0.1165,0.039,0.783,0.587,0.72,0,1,1,1,1.0,0.36,-0.36,-1.0
semantic_v3_q0072,contradiction_probe,Conflict between declared and behavioral identity,0.1143,0.3769,-0.2289,0.2103,0.3213,0.0443,0.4384,0.421,0.0172,0.1329,0.498,0.374,0.458,1,0,1,0,1.0,0.36,-0.36,-1.0
semantic_v3_q0073,relationship_boundaries,"Trust, intimacy and personal boundaries",-0.1314,0.6265,0.6052,0.0453,0.3287,0.3986,0.077,-0.1289,-0.053,-0.0198,0.524,0.787,0.608,0,0,1,1,1.0,0.36,-0.36,-1.0
semantic_v3_q0074,solitude_social_energy,"Solitude, belonging and social recovery",-0.0019,0.2766,0.7891,-0.289,-0.0554,0.3066,0.1744,-0.1578,-0.0902,-0.1119,0.348,0.237,0.312,0,0,0,1,1.0,0.36,-0.36,-1.0
semantic_v3_q0075,execution_pressure,"Pressure, performance and follow-through",-0.0243,-0.4394,-0.1697,0.7424,0.509,0.5187,-0.3396,-0.108,0.2095,0.8259,0.577,0.188,0.453,0,0,0,0,1.0,0.36,-0.36,-1.0
semantic_v3_q0076,moral_choice,Ethical tension and ideal/practical tradeoff,0.0785,0.1605,0.174,0.1737,0.2779,0.0884,0.9818,0.1164,-0.1592,0.1716,0.461,0.359,0.428,1,0,0,0,1.0,0.36,-0.36,-1.0
semantic_v3_q0077,attention_style,"Attention, novelty and depth",0.7883,-0.0566,-0.1949,-0.3995,0.497,-0.2979,0.1644,0.5164,0.1985,-0.4284,0.244,0.141,0.211,0,0,0,0,1.0,0.36,-0.36,-1.0
semantic_v3_q0078,comfort_zone,"Stability, safety and familiar patterns",-0.564,-0.1064,0.1603,-0.1583,-0.2405,0.4738,-0.1769,-0.7121,0.2365,0.2563,0.167,0.409,0.244,0,1,0,1,1.0,0.36,-0.36,-1.0
semantic_v3_q0079,digital_nature_tension,Digital life versus natural grounding,0.1869,-0.0673,-0.115,0.0505,0.1214,0.0969,-0.0151,-0.0229,1.1345,0.044,0.281,0.459,0.338,0,0,0,0,1.0,0.36,-0.36,-1.0
semantic_v3_q0080,identity_mask,"Self-presentation, masking and private core",0.1061,0.5214,0.4181,0.2234,0.0067,0.1484,0.3102,0.175,-0.1138,-0.1581,0.512,0.625,0.548,1,1,1,0,1.0,0.36,-0.36,-1.0
semantic_v3_q0081,risk_discovery,Curiosity vs security under uncertainty,0.9417,-0.1453,-0.0409,0.1978,0.4712,-0.5344,0.0586,0.5661,0.0699,0.1241,0.207,0.164,0.193,0,0,0,0,1.0,0.36,-0.36,-1.0
semantic_v3_q0082,emotional_exposure,Emotional openness and disclosure,0.3146,0.8986,0.1929,-0.2023,0.0676,0.0951,0.3303,0.2135,-0.1201,0.0986,0.728,1,0.815,0,1,0,1,1.0,0.36,-0.36,-1.0
semantic_v3_q0083,belonging_autonomy,"Belonging, independence, social alignment",0.089,0.2396,0.9167,-0.1112,-0.2173,0.0624,0.0905,-0.0517,-0.0624,-0.0576,0.308,0.179,0.267,0,0,1,1,1.0,0.36,-0.36,-1.0
semantic_v3_q0084,act_or_observe,Action versus observation,-0.0198,-0.1089,0.0367,0.9349,0.1091,-0.0846,-0.1623,0.135,-0.0403,0.1613,0.387,0.079,0.288,0,0,0,0,1.0,0.36,-0.36,-1.0
semantic_v3_q0085,future_orientation,Future planning and long-range identity,0.2302,0.0261,-0.0267,0.0541,0.9527,0.2908,0.1954,0.3974,0.3957,0.179,0.179,0.533,0.292,0,0,0,0,1.0,0.36,-0.36,-1.0
semantic_v3_q0086,control_spontaneity,"Control, planning, certainty",-0.2259,-0.1639,0.155,-0.0472,0.12,1.1047,-0.0854,-0.3033,-0.1173,0.1695,0.273,0.297,0.281,0,1,0,0,1.0,0.36,-0.36,-1.0
semantic_v3_q0087,values_idealism,Pragmatism versus ideals,0.2194,0.1258,0.0176,-0.0589,0.1473,-0.0718,0.7226,0.3123,-0.0471,-0.1063,0.271,0.302,0.281,0,0,0,0,1.0,0.36,-0.36,-1.0
semantic_v3_q0088,change_stability,Transformation versus stability,0.2113,-0.0258,-0.0105,0.3106,0.3035,-0.2854,0.1303,0.7584,0.0574,-0.0212,0.237,0.161,0.213,0,0,0,0,1.0,0.36,-0.36,-1.0
semantic_v3_q0089,nature_technology,"Nature, technology and attention direction",0.1634,0.0117,0.1455,-0.0812,0.1198,0.0257,-0.0404,0.0692,1.0254,0.1041,0.305,0.619,0.405,0,0,0,0,1.0,0.36,-0.36,-1.0
semantic_v3_q0090,creator_builder,Ideas versus execution,0.1554,0.007,0.1819,0.1792,0.2543,0.5063,-0.0133,-0.0968,0.0022,0.924,0.275,0.162,0.239,0,0,0,0,1.0,0.36,-0.36,-1.0
semantic_v3_q0091,taboo_private,Private self-disclosure,0.0993,0.6256,0.2411,-0.0941,-0.1064,0.2423,0.3329,0.1176,-0.1618,0.019,0.487,0.467,0.481,0,1,1,1,1.0,0.36,-0.36,-1.0
semantic_v3_q0092,contradiction_probe,Conflict between declared and behavioral identity,0.1053,0.2445,-0.059,0.08,0.1317,0.0916,0.1514,0.2939,0.3095,-0.0752,0.298,0.118,0.24,1,0,1,0,1.0,0.36,-0.36,-1.0
semantic_v3_q0093,relationship_boundaries,"Trust, intimacy and personal boundaries",-0.0058,0.6849,0.6326,-0.0392,0.1585,0.397,0.2891,-0.2556,-0.1232,-0.0182,0.666,0.577,0.638,0,0,1,1,1.0,0.36,-0.36,-1.0
semantic_v3_q0094,solitude_social_energy,"Solitude, belonging and social recovery",0.0492,0.461,0.7211,-0.348,-0.1137,0.1901,0.1181,0.0055,-0.1165,-0.1737,0.515,0.232,0.424,0,0,0,1,1.0,0.36,-0.36,-1.0
semantic_v3_q0095,execution_pressure,"Pressure, performance and follow-through",-0.0967,0.0885,0.0655,0.6516,0.3267,0.5297,-0.2268,-0.1522,-0.018,0.6109,0.386,0.288,0.355,1,0,0,0,1.0,0.36,-0.36,-1.0
semantic_v3_q0096,moral_choice,Ethical tension and ideal/practical tradeoff,0.0023,0.2903,0.2236,0.0449,0.1691,-0.0337,0.785,-0.0157,-0.0496,0.3593,0.445,0.428,0.44,0,0,0,0,1.0,0.36,-0.36,-1.0
semantic_v3_q0097,attention_style,"Attention, novelty and depth",0.7368,-0.1387,-0.065,-0.4365,0.4531,-0.0572,0.2276,0.5121,0.3502,-0.2767,0.299,0.305,0.301,0,0,0,0,1.0,0.36,-0.36,-1.0
semantic_v3_q0098,comfort_zone,"Stability, safety and familiar patterns",-0.4083,-0.057,0.2373,-0.0175,-0.2147,0.5676,-0.1543,-0.4762,-0.3753,0.1851,0.139,0.578,0.279,0,1,0,0,1.0,0.36,-0.36,-1.0
semantic_v3_q0099,digital_nature_tension,Digital life versus natural grounding,0.2225,0.0335,0.0804,0.0373,0.0275,0.0226,0.0263,0.118,0.9757,0.097,0.373,0.404,0.383,0,0,0,0,1.0,0.36,-0.36,-1.0
semantic_v3_q0100,identity_mask,"Self-presentation, masking and private core",0.1052,0.3563,0.4477,0.0257,0.0085,0.2544,0.4728,0.1231,-0.1619,-0.0053,0.498,1,0.659,1,1,1,0,1.0,0.36,-0.36,-1.0
semantic_v3_q0101,risk_discovery,Curiosity vs security under uncertainty,1.1201,0.1409,0.0272,0.4163,0.5283,-0.3175,0.0921,0.5681,0.007,0.0233,0.235,0.05,0.176,0,0,0,0,1.0,0.36,-0.36,-1.0
semantic_v3_q0102,emotional_exposure,Emotional openness and disclosure,-0.1112,0.5572,0.2456,-0.2006,-0.0442,0.0853,0.251,0.2445,0.1034,-0.1424,0.593,0.592,0.593,0,1,0,1,1.0,0.36,-0.36,-1.0
semantic_v3_q0103,belonging_autonomy,"Belonging, independence, social alignment",0.071,0.1384,1.0378,-0.0463,-0.0413,0.2921,-0.0882,-0.0391,0.0037,0.1663,0.218,0.424,0.284,0,0,1,1,1.0,0.36,-0.36,-1.0
semantic_v3_q0104,act_or_observe,Action versus observation,0.2572,-0.0012,0.1974,0.6733,0.0941,0.0335,0.0473,-0.0144,0.1166,0.6532,0.142,0.234,0.171,0,0,0,1,1.0,0.36,-0.36,-1.0
semantic_v3_q0105,future_orientation,Future planning and long-range identity,0.1696,-0.0153,0.1661,0.1898,1.0095,0.3037,0.4021,0.2349,0.1714,0.08,0.227,0.32,0.257,0,0,0,0,1.0,0.36,-0.36,-1.0
semantic_v3_q0106,control_spontaneity,"Control, planning, certainty",-0.1653,-0.1786,0.1278,-0.004,0.1009,1.0555,-0.1859,-0.4347,0.1867,0.1312,0.42,0.351,0.398,0,1,0,0,1.0,0.36,-0.36,-1.0
semantic_v3_q0107,values_idealism,Pragmatism versus ideals,0.1168,0.2568,0.0242,-0.078,0.1542,0.0116,0.8669,0.1912,-0.3891,-0.2778,0.331,0.459,0.372,0,0,0,0,1.0,0.36,-0.36,-1.0
semantic_v3_q0108,change_stability,Transformation versus stability,0.3355,-0.0346,-0.0806,-0.0156,0.0908,-0.3991,0.0672,1.086,0.1386,-0.0792,0.241,0.305,0.261,0,0,0,0,1.0,0.36,-0.36,-1.0
semantic_v3_q0109,nature_technology,"Nature, technology and attention direction",0.1799,-0.047,0.1047,0.1662,0.437,0.1831,-0.0326,-0.0527,0.8013,0.153,0.208,0.372,0.26,0,0,0,0,1.0,0.36,-0.36,-1.0
semantic_v3_q0110,creator_builder,Ideas versus execution,0.2956,0.1424,0.0619,0.2789,0.3789,0.3624,0.0146,0.1435,0.1663,0.8389,0.351,0.144,0.285,0,0,0,0,1.0,0.36,-0.36,-1.0
semantic_v3_q0111,taboo_private,Private self-disclosure,0.1597,0.4672,0.1394,-0.0255,0.0722,0.1906,0.272,0.1624,-0.1083,0.1039,0.542,0.808,0.627,0,1,1,1,1.0,0.36,-0.36,-1.0
semantic_v3_q0112,contradiction_probe,Conflict between declared and behavioral identity,0.1765,0.3761,-0.0906,0.0574,0.1443,0.0748,0.2706,0.2472,0.0694,0.0641,0.31,0.299,0.306,1,0,1,0,1.0,0.36,-0.36,-1.0
semantic_v3_q0113,relationship_boundaries,"Trust, intimacy and personal boundaries",-0.236,0.7103,0.7615,-0.1978,0.1646,0.4098,0.333,-0.0552,-0.0487,0.0174,0.565,1,0.704,0,0,1,1,1.0,0.36,-0.36,-1.0
semantic_v3_q0114,solitude_social_energy,"Solitude, belonging and social recovery",0.2546,0.1973,0.6788,-0.2285,0.105,0.1506,0.0216,0.1069,0.0296,0.016,0.207,0.062,0.161,1,0,0,1,1.0,0.36,-0.36,-1.0
semantic_v3_q0115,execution_pressure,"Pressure, performance and follow-through",0.0445,-0.3475,-0.3935,0.8626,0.5996,0.4289,-0.2419,0.0428,0.0775,0.9073,0.587,0.387,0.523,0,0,0,0,1.0,0.36,-0.36,-1.0
semantic_v3_q0116,moral_choice,Ethical tension and ideal/practical tradeoff,0.1027,0.1974,0.2417,0.188,0.1744,0.0527,0.7878,0.152,-0.0079,0.027,0.288,0.051,0.212,0,0,0,0,1.0,0.36,-0.36,-1.0
semantic_v3_q0117,attention_style,"Attention, novelty and depth",0.6985,0.0793,-0.1562,-0.511,0.3986,-0.1797,0.3096,0.3459,0.0743,-0.3649,0.162,0.464,0.259,0,0,0,1,1.0,0.36,-0.36,-1.0
semantic_v3_q0118,comfort_zone,"Stability, safety and familiar patterns",-0.6768,0.1371,0.3732,-0.2341,-0.0401,0.6628,-0.0775,-0.7419,-0.2742,0.2529,0.363,0.405,0.376,0,1,0,0,1.0,0.36,-0.36,-1.0
semantic_v3_q0119,digital_nature_tension,Digital life versus natural grounding,0.2189,-0.0108,-0.0265,-0.0037,0.215,-0.0064,0.0014,0.0845,1.0594,0.1136,0.277,0.05,0.204,0,0,0,0,1.0,0.36,-0.36,-1.0
semantic_v3_q0120,identity_mask,"Self-presentation, masking and private core",-0.1276,0.0578,0.3726,-0.0694,-0.0087,0.4322,0.1455,-0.0953,-0.2549,0.0116,0.219,0.682,0.367,1,1,1,0,1.0,0.36,-0.36,-1.0
semantic_v3_q0121,risk_discovery,Curiosity vs security under uncertainty,0.685,0.0083,0.0727,0.2819,0.35,-0.1743,0.411,0.5155,-0.0655,-0.0674,0.38,0.4,0.386,0,0,0,0,1.0,0.36,-0.36,-1.0
semantic_v3_q0122,emotional_exposure,Emotional openness and disclosure,-0.0543,0.9052,0.285,-0.1247,0.0962,0.1664,0.6155,0.2141,-0.0906,-0.0347,0.907,0.505,0.778,0,1,0,1,1.0,0.36,-0.36,-1.0
semantic_v3_q0123,belonging_autonomy,"Belonging, independence, social alignment",0.1284,0.1526,0.7781,-0.1089,0.0335,0.0884,0.0034,0.1148,-0.0809,-0.0193,0.187,0.245,0.206,0,0,1,1,1.0,0.36,-0.36,-1.0
semantic_v3_q0124,act_or_observe,Action versus observation,0.0976,-0.0934,0.065,0.9671,0.1555,-0.17,-0.0569,0.0004,-0.0008,0.3484,0.226,0.236,0.229,0,0,0,0,1.0,0.36,-0.36,-1.0
semantic_v3_q0125,future_orientation,Future planning and long-range identity,0.2345,0.0395,-0.0825,0.0851,1.1171,0.4553,0.2636,0.4081,0.3557,0.1271,0.395,0.05,0.285,0,0,0,0,1.0,0.36,-0.36,-1.0
semantic_v3_q0126,control_spontaneity,"Control, planning, certainty",-0.1874,0.009,0.1026,0.1419,0.3372,0.7774,-0.0874,-0.1015,-0.0759,0.1572,0.39,0.104,0.298,0,1,0,0,1.0,0.36,-0.36,-1.0
semantic_v3_q0127,values_idealism,Pragmatism versus ideals,0.1938,0.2127,-0.0339,0.0419,0.2655,-0.0671,0.9294,0.0047,-0.1934,0.1453,0.328,0.239,0.3,0,0,0,0,1.0,0.36,-0.36,-1.0
semantic_v3_q0128,change_stability,Transformation versus stability,0.3006,0.0839,-0.0185,0.1125,0.1688,-0.4144,0.2021,1.0152,0.031,-0.0795,0.24,0.624,0.363,0,0,0,0,1.0,0.36,-0.36,-1.0
semantic_v3_q0129,nature_technology,"Nature, technology and attention direction",0.1619,-0.1461,0.0402,-0.0332,0.0277,-0.0717,-0.0861,-0.0051,1.1966,0.3402,0.479,0.18,0.383,0,0,0,0,1.0,0.36,-0.36,-1.0
semantic_v3_q0130,creator_builder,Ideas versus execution,0.3611,0.1032,0.1145,0.2024,0.3224,0.2319,0.1901,0.074,0.1416,1.0748,0.279,0.095,0.22,0,0,0,1,1.0,0.36,-0.36,-1.0
semantic_v3_q0131,taboo_private,Private self-disclosure,0.2133,0.9663,0.3118,-0.2866,0.0043,0.1511,0.2591,0.254,-0.1543,-0.2227,0.64,0.651,0.644,0,1,1,1,1.0,0.36,-0.36,-1.0
semantic_v3_q0132,contradiction_probe,Conflict between declared and behavioral identity,0.0714,0.2925,0.0668,0.009,0.0931,0.3699,0.136,0.0232,-0.1694,-0.0197,0.577,0.204,0.458,1,0,1,0,1.0,0.36,-0.36,-1.0
semantic_v3_q0133,relationship_boundaries,"Trust, intimacy and personal boundaries",0.037,0.6157,0.5246,-0.0441,0.048,0.4269,0.0558,-0.1316,0.1867,0.0842,0.718,0.825,0.752,1,0,1,1,1.0,0.36,-0.36,-1.0
semantic_v3_q0134,solitude_social_energy,"Solitude, belonging and social recovery",0.0679,0.3957,0.8112,-0.3456,-0.0867,-0.0246,0.1337,-0.15,-0.1159,-0.0979,0.547,0.32,0.474,0,0,0,1,1.0,0.36,-0.36,-1.0
semantic_v3_q0135,execution_pressure,"Pressure, performance and follow-through",0.0358,-0.5829,-0.2168,0.8802,0.5159,0.6256,-0.2556,-0.0745,0.0861,0.8764,0.5,0.455,0.486,0,0,0,0,1.0,0.36,-0.36,-1.0
semantic_v3_q0136,moral_choice,Ethical tension and ideal/practical tradeoff,0.1301,0.245,0.109,0.1614,0.5191,0.0734,0.8096,0.2074,-0.0073,0.1668,0.533,0.273,0.45,0,0,0,0,1.0,0.36,-0.36,-1.0
semantic_v3_q0137,attention_style,"Attention, novelty and depth",0.8918,-0.2762,-0.0905,-0.4722,0.4462,-0.2508,0.3991,0.4154,0.1766,-0.3507,0.468,0.575,0.502,0,0,0,0,1.0,0.36,-0.36,-1.0
semantic_v3_q0138,comfort_zone,"Stability, safety and familiar patterns",-0.5998,-0.0953,0.1695,0.0048,-0.238,0.5879,-0.1605,-0.6147,-0.0038,0.2857,0.296,0.263,0.285,0,1,0,0,1.0,0.36,-0.36,-1.0
semantic_v3_q0139,digital_nature_tension,Digital life versus natural grounding,0.1439,-0.0706,-0.0281,-0.0415,0.0345,-0.0948,-0.085,0.165,0.9664,0.2027,0.337,0.479,0.382,0,0,0,0,1.0,0.36,-0.36,-1.0
semantic_v3_q0140,identity_mask,"Self-presentation, masking and private core",0.1203,0.6099,0.3141,-0.0347,0.2431,0.2027,0.2809,0.3306,-0.0313,-0.1466,0.426,0.523,0.457,1,1,1,0,1.0,0.36,-0.36,-1.0
semantic_v3_q0141,risk_discovery,Curiosity vs security under uncertainty,1.1224,-0.1062,0.0388,0.2478,0.3556,-0.5092,0.1911,0.6863,0.0781,-0.0277,0.317,0.05,0.232,0,0,0,0,1.0,0.36,-0.36,-1.0
semantic_v3_q0142,emotional_exposure,Emotional openness and disclosure,-0.0582,0.9301,0.3162,-0.3831,0.0259,0.0188,0.4764,0.1027,-0.3225,0.0522,0.895,0.892,0.894,0,1,0,1,1.0,0.36,-0.36,-1.0
semantic_v3_q0143,belonging_autonomy,"Belonging, independence, social alignment",0.0384,0.1502,0.8636,-0.1215,0.0655,0.2834,0.0765,-0.0226,-0.056,-0.0237,0.228,0.291,0.248,0,0,1,1,1.0,0.36,-0.36,-1.0
semantic_v3_q0144,act_or_observe,Action versus observation,0.1756,0.1699,-0.0527,0.9772,0.2814,-0.0461,-0.0422,-0.0088,-0.0339,0.1923,0.511,0.285,0.439,0,0,0,0,1.0,0.36,-0.36,-1.0
semantic_v3_q0145,future_orientation,Future planning and long-range identity,0.3328,0.0393,-0.0121,0.0847,0.7656,0.3104,0.2425,0.2181,0.1146,0.4089,0.238,0.23,0.235,0,0,0,0,1.0,0.36,-0.36,-1.0
semantic_v3_q0146,control_spontaneity,"Control, planning, certainty",-0.1196,0.1159,-0.0116,0.0148,0.1435,1.0629,-0.1144,-0.4008,-0.0981,0.2448,0.464,0.223,0.387,0,1,0,0,1.0,0.36,-0.36,-1.0
semantic_v3_q0147,values_idealism,Pragmatism versus ideals,0.13,0.3563,-0.0091,0.2229,0.1084,-0.0537,0.9291,0.1401,-0.2582,-0.1007,0.486,0.095,0.361,0,0,0,0,1.0,0.36,-0.36,-1.0
semantic_v3_q0148,change_stability,Transformation versus stability,0.2367,-0.0491,-0.0291,0.075,0.1993,-0.3561,0.2757,0.9837,0.0036,-0.095,0.149,0.363,0.217,0,0,0,0,1.0,0.36,-0.36,-1.0
semantic_v3_q0149,nature_technology,"Nature, technology and attention direction",0.1204,-0.1367,0.0897,0.0045,0.0185,0.0037,0.0402,-0.1714,1.0323,0.3008,0.286,0.327,0.299,0,0,0,0,1.0,0.36,-0.36,-1.0
semantic_v3_q0150,creator_builder,Ideas versus execution,0.2736,-0.1854,-0.1171,0.0805,0.4079,0.1332,0.1486,0.1105,0.0973,1.0141,0.456,0.257,0.392,0,0,0,0,1.0,0.36,-0.36,-1.0
semantic_v3_q0151,taboo_private,Private self-disclosure,0.299,0.6507,0.3094,-0.2333,0.1498,0.1489,0.3186,0.2916,-0.1338,-0.2304,0.623,0.73,0.657,0,1,1,1,1.0,0.36,-0.36,-1.0
semantic_v3_q0152,contradiction_probe,Conflict between declared and behavioral identity,0.3352,0.3262,0.0966,0.0645,0.1567,0.2283,0.2221,0.3584,0.0627,-0.0065,0.291,0.189,0.258,1,0,1,0,1.0,0.36,-0.36,-1.0
semantic_v3_q0153,relationship_boundaries,"Trust, intimacy and personal boundaries",-0.097,0.6834,0.7732,0.0149,-0.0093,0.3153,0.3131,-0.0343,-0.1087,-0.0372,0.786,0.678,0.751,0,0,1,1,1.0,0.36,-0.36,-1.0
semantic_v3_q0154,solitude_social_energy,"Solitude, belonging and social recovery",0.1192,0.2423,0.9497,-0.2112,-0.0512,0.3472,0.1098,-0.1442,0.1863,-0.2582,0.478,0.374,0.445,0,0,0,1,1.0,0.36,-0.36,-1.0
semantic_v3_q0155,execution_pressure,"Pressure, performance and follow-through",0.0085,-0.3874,-0.1552,0.8989,0.4787,0.4732,-0.4075,-0.1298,0.2529,0.7524,0.338,0.381,0.352,0,0,0,0,1.0,0.36,-0.36,-1.0
semantic_v3_q0156,moral_choice,Ethical tension and ideal/practical tradeoff,0.0909,0.2673,0.1523,-0.0298,0.233,0.2141,0.9712,0.1332,-0.1365,0.1178,0.563,0.333,0.489,0,0,0,1,1.0,0.36,-0.36,-1.0
semantic_v3_q0157,attention_style,"Attention, novelty and depth",0.525,-0.1328,-0.0206,-0.5569,0.3334,-0.1991,0.1372,0.4497,0.2947,-0.2099,0.271,0.465,0.333,0,0,0,0,1.0,0.36,-0.36,-1.0
semantic_v3_q0158,comfort_zone,"Stability, safety and familiar patterns",-0.6595,-0.1549,0.309,-0.1795,-0.365,0.7007,-0.1716,-0.7863,-0.3704,0.4334,0.228,0.18,0.213,0,1,0,0,1.0,0.36,-0.36,-1.0
semantic_v3_q0159,digital_nature_tension,Digital life versus natural grounding,0.12,-0.1079,0.0038,-0.0028,0.2264,-0.0798,-0.1254,-0.0486,0.913,0.2208,0.204,0.489,0.295,0,0,0,0,1.0,0.36,-0.36,-1.0
semantic_v3_q0160,identity_mask,"Self-presentation, masking and private core",-0.0679,0.3867,0.4727,0.0436,0.0103,0.0511,0.1787,0.18,-0.1354,-0.0741,0.457,0.758,0.553,1,1,1,0,1.0,0.36,-0.36,-1.0
semantic_v3_q0161,risk_discovery,Curiosity vs security under uncertainty,0.9371,-0.124,-0.1989,0.463,0.2885,-0.5459,0.0927,0.5796,0.0056,-0.0831,0.259,0.334,0.283,0,0,0,0,1.0,0.36,-0.36,-1.0
semantic_v3_q0162,emotional_exposure,Emotional openness and disclosure,0.0423,0.7121,0.1953,0.06,0.0441,0.2373,0.1825,-0.1208,-0.0364,0.2512,0.804,0.772,0.794,0,1,0,1,1.0,0.36,-0.36,-1.0
semantic_v3_q0163,belonging_autonomy,"Belonging, independence, social alignment",0.2803,0.2199,0.7913,0.2822,0.0765,0.2002,0.1838,-0.1055,-0.1325,-0.0854,0.409,0.309,0.377,0,0,1,1,1.0,0.36,-0.36,-1.0
semantic_v3_q0164,act_or_observe,Action versus observation,-0.024,-0.0433,-0.0113,1.0194,0.3167,-0.2456,0.1057,0.1324,0.1621,0.3897,0.285,0.316,0.295,0,0,0,0,1.0,0.36,-0.36,-1.0
semantic_v3_q0165,future_orientation,Future planning and long-range identity,0.2235,0.0345,0.3224,0.0517,0.6291,0.2707,0.237,0.2508,0.1638,0.2137,0.316,0.291,0.308,0,0,0,0,1.0,0.36,-0.36,-1.0
semantic_v3_q0166,control_spontaneity,"Control, planning, certainty",-0.1869,-0.1012,0.1958,0.0708,0.1424,1.1774,-0.2745,-0.4914,0.0264,0.3536,0.209,0.29,0.235,0,1,0,0,1.0,0.36,-0.36,-1.0
semantic_v3_q0167,values_idealism,Pragmatism versus ideals,0.3119,0.3062,-0.0443,-0.0412,0.0902,0.1229,0.9323,0.1741,-0.1507,-0.1295,0.338,0.21,0.297,0,0,0,0,1.0,0.36,-0.36,-1.0
semantic_v3_q0168,change_stability,Transformation versus stability,0.2642,0.1034,0.0852,0.0381,0.3534,-0.2654,0.2361,0.6707,0.0188,0.1834,0.166,0.324,0.217,0,0,0,0,1.0,0.36,-0.36,-1.0
semantic_v3_q0169,nature_technology,"Nature, technology and attention direction",0.1529,0.0244,0.0242,0.0991,0.064,0.0391,-0.0794,0.0101,1.0435,0.3426,0.184,0.249,0.205,0,0,0,1,1.0,0.36,-0.36,-1.0
semantic_v3_q0170,creator_builder,Ideas versus execution,0.3052,0.2164,0.0037,0.1172,0.3176,0.2365,0.2407,0.1951,0.0864,0.9504,0.45,0.486,0.462,0,0,0,0,1.0,0.36,-0.36,-1.0
semantic_v3_q0171,taboo_private,Private self-disclosure,0.0649,0.7017,0.3893,-0.1974,-0.0165,0.2017,0.3148,0.278,-0.1124,-0.1556,0.676,0.866,0.737,1,1,1,1,1.0,0.36,-0.36,-1.0
semantic_v3_q0172,contradiction_probe,Conflict between declared and behavioral identity,0.3921,0.2724,-0.1019,0.1928,0.0798,0.3516,0.356,0.2079,-0.1257,-0.0682,0.254,0.05,0.189,1,0,1,0,1.0,0.36,-0.36,-1.0
semantic_v3_q0173,relationship_boundaries,"Trust, intimacy and personal boundaries",-0.0279,0.705,0.8927,0.0305,0.1509,0.3789,0.1326,-0.2305,-0.1229,0.0965,0.724,0.673,0.708,0,0,1,1,1.0,0.36,-0.36,-1.0
semantic_v3_q0174,solitude_social_energy,"Solitude, belonging and social recovery",0.1565,0.2226,0.8495,-0.4336,0.0225,0.2641,0.0846,-0.2897,-0.0862,-0.1021,0.355,0.612,0.437,0,0,0,1,1.0,0.36,-0.36,-1.0
semantic_v3_q0175,execution_pressure,"Pressure, performance and follow-through",-0.1341,-0.206,-0.161,0.739,0.3273,0.4372,-0.2155,-0.019,0.0106,0.6489,0.408,0.443,0.419,0,0,0,0,1.0,0.36,-0.36,-1.0
semantic_v3_q0176,moral_choice,Ethical tension and ideal/practical tradeoff,-0.0047,0.4053,0.2118,0.0577,0.2929,0.0676,0.9206,0.0511,-0.2125,0.2881,0.619,0.498,0.58,0,0,0,0,1.0,0.36,-0.36,-1.0
semantic_v3_q0177,attention_style,"Attention, novelty and depth",0.7022,-0.1881,-0.1471,-0.5165,0.3039,-0.0949,0.0766,0.393,0.3224,-0.2262,0.23,0.186,0.216,0,0,0,0,1.0,0.36,-0.36,-1.0
semantic_v3_q0178,comfort_zone,"Stability, safety and familiar patterns",-0.8236,0.0616,0.1085,-0.3578,-0.1878,0.8534,-0.2681,-0.8793,-0.1342,0.3049,0.14,0.148,0.143,0,1,0,0,1.0,0.36,-0.36,-1.0
semantic_v3_q0179,digital_nature_tension,Digital life versus natural grounding,0.1629,-0.083,-0.0008,0.0076,0.0727,-0.0395,0.1245,-0.212,0.8554,0.087,0.464,0.317,0.417,0,0,0,0,1.0,0.36,-0.36,-1.0
semantic_v3_q0180,identity_mask,"Self-presentation, masking and private core",0.1338,0.5421,0.3428,-0.1925,0.0875,0.236,0.194,0.1254,0.0994,0.013,0.611,0.613,0.612,1,1,1,0,1.0,0.36,-0.36,-1.0
semantic_v3_q0181,risk_discovery,Curiosity vs security under uncertainty,0.9821,0.2114,0.116,0.2026,0.3945,-0.4912,0.2266,0.8784,-0.2124,0.09,0.256,0.47,0.324,0,0,0,0,1.0,0.36,-0.36,-1.0
semantic_v3_q0182,emotional_exposure,Emotional openness and disclosure,0.019,1.0723,0.2392,-0.2004,-0.0173,0.1797,0.3288,0.1111,-0.274,-0.0949,0.703,1,0.798,0,1,0,1,1.0,0.36,-0.36,-1.0
semantic_v3_q0183,belonging_autonomy,"Belonging, independence, social alignment",-0.1355,0.1526,0.8609,-0.1512,-0.0253,0.22,0.1424,-0.4155,-0.0543,-0.0163,0.37,0.282,0.342,0,0,1,1,1.0,0.36,-0.36,-1.0
semantic_v3_q0184,act_or_observe,Action versus observation,0.0007,-0.1165,-0.1987,0.8126,0.2067,0.0171,-0.0004,-0.0889,0.1033,0.4668,0.229,0.295,0.25,0,0,0,0,1.0,0.36,-0.36,-1.0
semantic_v3_q0185,future_orientation,Future planning and long-range identity,0.2545,-0.0292,-0.0157,-0.035,0.8112,0.191,0.2465,0.2785,0.3515,0.1519,0.389,0.257,0.347,0,0,0,0,1.0,0.36,-0.36,-1.0
semantic_v3_q0186,control_spontaneity,"Control, planning, certainty",-0.1044,0.271,0.0223,0.1372,0.1883,0.8038,0.0574,-0.2413,0.0156,0.1245,0.247,0.456,0.314,0,1,0,0,1.0,0.36,-0.36,-1.0
semantic_v3_q0187,values_idealism,Pragmatism versus ideals,0.0534,0.0386,-0.0622,0.03,0.0739,0.1265,1.0741,0.319,-0.1365,-0.1315,0.225,0.288,0.245,0,0,0,0,1.0,0.36,-0.36,-1.0
semantic_v3_q0188,change_stability,Transformation versus stability,0.3224,-0.0037,-0.0236,0.2385,0.1068,-0.3621,0.3876,0.9824,0.2005,-0.0444,0.208,0.061,0.161,0,0,0,0,1.0,0.36,-0.36,-1.0
semantic_v3_q0189,nature_technology,"Nature, technology and attention direction",0.0048,-0.12,0.1069,-0.0145,0.1445,0.1234,-0.1178,0.1748,0.9371,0.0158,0.243,0.362,0.281,0,0,0,0,1.0,0.36,-0.36,-1.0
semantic_v3_q0190,creator_builder,Ideas versus execution,0.32,-0.0563,0.1718,0.0586,0.3183,0.386,0.0891,0.3099,0.1524,0.9608,0.318,0.362,0.332,1,0,0,0,1.0,0.36,-0.36,-1.0
semantic_v3_q0191,taboo_private,Private self-disclosure,0.0471,0.5267,0.1939,-0.0823,0.013,0.1182,0.4255,-0.0161,-0.1411,-0.1825,0.53,0.702,0.585,0,1,1,1,1.0,0.36,-0.36,-1.0
semantic_v3_q0192,contradiction_probe,Conflict between declared and behavioral identity,0.1046,0.4138,-0.1132,0.0281,0.2759,0.221,0.403,0.3683,0.0279,0.0617,0.402,0.541,0.446,1,0,1,0,1.0,0.36,-0.36,-1.0
semantic_v3_q0193,relationship_boundaries,"Trust, intimacy and personal boundaries",-0.0561,0.5616,0.5188,-0.0166,0.1643,0.2423,0.0969,-0.2579,-0.0945,0.2285,0.708,0.855,0.755,0,0,1,1,1.0,0.36,-0.36,-1.0
semantic_v3_q0194,solitude_social_energy,"Solitude, belonging and social recovery",-0.0077,-0.0416,0.7119,-0.1125,-0.0646,0.2301,0.1252,-0.2322,-0.0965,-0.1196,0.18,0.399,0.25,0,0,0,1,1.0,0.36,-0.36,-1.0
semantic_v3_q0195,execution_pressure,"Pressure, performance and follow-through",0.1212,-0.2528,-0.1401,0.8879,0.4896,0.4989,-0.5339,-0.0992,0.4056,1.0167,0.354,0.391,0.366,0,0,0,1,1.0,0.36,-0.36,-1.0
semantic_v3_q0196,moral_choice,Ethical tension and ideal/practical tradeoff,0.132,0.1414,0.1066,0.0725,0.2786,0.0275,0.9803,0.083,-0.2695,0.1473,0.369,0.096,0.282,0,0,0,0,1.0,0.36,-0.36,-1.0
semantic_v3_q0197,attention_style,"Attention, novelty and depth",0.4917,-0.153,-0.1048,-0.3654,0.3869,0.2248,0.0095,0.3718,0.201,-0.1094,0.482,0.428,0.465,0,0,0,0,1.0,0.36,-0.36,-1.0
semantic_v3_q0198,comfort_zone,"Stability, safety and familiar patterns",-0.5464,-0.0446,0.256,-0.2022,-0.2656,0.6377,0.1511,-0.831,-0.3006,0.2083,0.395,0.201,0.333,0,1,0,0,1.0,0.36,-0.36,-1.0
semantic_v3_q0199,digital_nature_tension,Digital life versus natural grounding,0.1278,-0.0839,0.1194,0.0151,0.1906,0.1571,0.0677,0.0389,1.0865,0.0846,0.278,0.29,0.282,0,0,0,0,1.0,0.36,-0.36,-1.0
semantic_v3_q0200,identity_mask,"Self-presentation, masking and private core",0.1163,0.552,0.5052,-0.0822,0.036,0.3089,0.2557,0.1477,-0.1444,-0.2428,0.587,0.521,0.566,1,1,1,0,1.0,0.36,-0.36,-1.0
semantic_v3_q0201,risk_discovery,Curiosity vs security under uncertainty,1.114,0.0804,-0.0344,0.1702,0.4778,-0.3157,0.1625,0.7577,0.1956,-0.116,0.439,0.199,0.362,0,0,0,0,1.0,0.36,-0.36,-1.0
semantic_v3_q0202,emotional_exposure,Emotional openness and disclosure,-0.2076,0.9249,0.293,-0.0902,0.0055,0.1115,0.4209,0.1004,-0.2413,0.0182,0.818,0.753,0.797,0,1,0,1,1.0,0.36,-0.36,-1.0
semantic_v3_q0203,belonging_autonomy,"Belonging, independence, social alignment",0.0172,-0.1196,0.9482,0.0115,0.1594,0.2342,-0.0283,-0.0353,-0.0474,0.0191,0.336,0.358,0.343,0,0,1,1,1.0,0.36,-0.36,-1.0
semantic_v3_q0204,act_or_observe,Action versus observation,0.1547,0.0841,0.089,1.1309,0.2916,-0.0989,-0.061,0.132,0.1005,0.3799,0.167,0.341,0.223,0,0,0,0,1.0,0.36,-0.36,-1.0
semantic_v3_q0205,future_orientation,Future planning and long-range identity,0.0654,0.0138,0.0894,0.096,0.8918,0.3884,0.3329,0.3175,0.2737,0.2474,0.091,0.499,0.222,0,0,0,0,1.0,0.36,-0.36,-1.0
semantic_v3_q0206,control_spontaneity,"Control, planning, certainty",0.1343,-0.0316,0.04,-0.0472,0.1491,1.0106,-0.1598,-0.3205,0.0541,0.1244,0.266,0.332,0.287,0,1,0,0,1.0,0.36,-0.36,-1.0
semantic_v3_q0207,values_idealism,Pragmatism versus ideals,0.1729,0.2651,-0.1203,-0.0621,-0.0602,0.05,0.979,0.0271,-0.2569,-0.2266,0.329,0.148,0.271,0,0,0,0,1.0,0.36,-0.36,-1.0
semantic_v3_q0208,change_stability,Transformation versus stability,0.3161,0.0145,-0.0107,0.0674,0.3632,-0.5068,0.2244,1.0439,0.1382,-0.1594,0.42,0.05,0.302,0,0,0,1,1.0,0.36,-0.36,-1.0
semantic_v3_q0209,nature_technology,"Nature, technology and attention direction",0.0022,0.0051,0.001,0.0567,0.1166,0.2159,-0.0042,0.0479,0.7575,0.0966,0.213,0.282,0.235,1,0,0,0,1.0,0.36,-0.36,-1.0
semantic_v3_q0210,creator_builder,Ideas versus execution,0.1652,-0.069,0.055,0.2406,0.2445,0.3136,-0.0054,0.0714,0.1895,1.0174,0.183,0.167,0.178,0,0,0,0,1.0,0.36,-0.36,-1.0
semantic_v3_q0211,taboo_private,Private self-disclosure,0.2592,0.7646,0.3872,-0.0043,0.1201,0.2202,0.2984,0.2148,-0.1526,0.0361,0.665,0.857,0.726,0,1,1,1,1.0,0.36,-0.36,-1.0
semantic_v3_q0212,contradiction_probe,Conflict between declared and behavioral identity,0.3345,0.361,-0.0101,0.1204,0.2247,0.2733,0.1786,0.3569,0.0893,-0.1078,0.551,0.082,0.401,1,0,1,0,1.0,0.36,-0.36,-1.0
semantic_v3_q0213,relationship_boundaries,"Trust, intimacy and personal boundaries",-0.2157,0.5796,0.4736,-0.1078,0.1367,0.6383,0.1565,-0.3409,-0.1015,0.0543,0.712,0.981,0.798,0,0,1,1,1.0,0.36,-0.36,-1.0
semantic_v3_q0214,solitude_social_energy,"Solitude, belonging and social recovery",-0.0154,0.2885,0.7861,-0.3369,-0.0836,0.2226,-0.0644,-0.097,-0.0458,0.1053,0.486,0.364,0.447,0,0,0,1,1.0,0.36,-0.36,-1.0
semantic_v3_q0215,execution_pressure,"Pressure, performance and follow-through",-0.0397,-0.3446,-0.2107,0.8032,0.4675,0.483,-0.3324,0.0511,0.1492,0.759,0.493,0.05,0.351,0,0,0,0,1.0,0.36,-0.36,-1.0
semantic_v3_q0216,moral_choice,Ethical tension and ideal/practical tradeoff,0.0419,0.4755,0.0928,0.1012,0.1465,-0.0666,0.8376,0.0139,-0.0613,0.2368,0.352,0.491,0.396,0,0,0,0,1.0,0.36,-0.36,-1.0
semantic_v3_q0217,attention_style,"Attention, novelty and depth",0.7251,-0.2315,-0.218,-0.476,0.5885,-0.3323,0.1083,0.4868,0.1904,-0.2877,0.268,0.227,0.255,0,0,0,0,1.0,0.36,-0.36,-1.0
semantic_v3_q0218,comfort_zone,"Stability, safety and familiar patterns",-0.5387,-0.1184,0.2367,0.0239,-0.1796,0.5728,0.1644,-0.6138,-0.183,0.2996,0.18,0.104,0.156,0,1,0,0,1.0,0.36,-0.36,-1.0
semantic_v3_q0219,digital_nature_tension,Digital life versus natural grounding,0.1094,-0.0965,-0.0187,0.0263,0.1244,-0.1254,-0.1957,0.0262,0.9752,0.1514,0.225,0.05,0.169,0,0,0,0,1.0,0.36,-0.36,-1.0
semantic_v3_q0220,identity_mask,"Self-presentation, masking and private core",0.2446,0.6254,0.3615,-0.0105,0.1317,0.0823,0.2511,0.1872,0.0222,-0.1545,0.443,0.659,0.512,1,1,1,0,1.0,0.36,-0.36,-1.0
semantic_v3_q0221,risk_discovery,Curiosity vs security under uncertainty,0.9962,0.1358,0.0634,0.3058,0.4221,-0.4741,0.0609,0.6984,0.021,0.0496,0.422,0.104,0.32,0,0,0,1,1.0,0.36,-0.36,-1.0
semantic_v3_q0222,emotional_exposure,Emotional openness and disclosure,-0.093,0.5597,0.0863,-0.0694,0.0543,-0.0805,0.3355,0.2021,-0.1416,-0.0918,0.498,0.651,0.547,0,1,0,1,1.0,0.36,-0.36,-1.0
semantic_v3_q0223,belonging_autonomy,"Belonging, independence, social alignment",0.0557,0.1613,1.1077,0.1059,-0.0623,0.302,0.0757,-0.1584,-0.1292,-0.0241,0.19,0.252,0.21,0,0,1,1,1.0,0.36,-0.36,-1.0
semantic_v3_q0224,act_or_observe,Action versus observation,0.0914,0.0845,0.1288,1.0524,0.0475,-0.064,0.0481,0.2052,0.0104,0.3924,0.298,0.399,0.33,0,0,0,0,1.0,0.36,-0.36,-1.0
semantic_v3_q0225,future_orientation,Future planning and long-range identity,0.1313,0.0988,0.1554,0.2042,0.8294,0.3185,0.244,0.2746,0.1896,0.0677,0.472,0.394,0.447,0,0,0,0,1.0,0.36,-0.36,-1.0
semantic_v3_q0226,control_spontaneity,"Control, planning, certainty",-0.1839,-0.1878,0.0771,-0.2283,0.2719,0.848,-0.0903,-0.1219,-0.1698,0.2684,0.505,0.632,0.546,0,1,0,0,1.0,0.36,-0.36,-1.0
semantic_v3_q0227,values_idealism,Pragmatism versus ideals,0.1176,0.2066,-0.0276,-0.0617,-0.0772,0.0908,0.8921,0.1396,0.0575,-0.1819,0.332,0.168,0.28,0,0,0,0,1.0,0.36,-0.36,-1.0
semantic_v3_q0228,change_stability,Transformation versus stability,0.2968,-0.0681,0.0514,0.1441,0.204,-0.4162,0.1824,1.014,-0.0045,-0.1267,0.241,0.359,0.279,1,0,0,0,1.0,0.36,-0.36,-1.0
semantic_v3_q0229,nature_technology,"Nature, technology and attention direction",0.1396,-0.2129,-0.0908,-0.1151,0.1365,0.0587,-0.0175,0.0045,1.0636,0.3013,0.223,0.278,0.241,0,0,0,0,1.0,0.36,-0.36,-1.0
semantic_v3_q0230,creator_builder,Ideas versus execution,0.2478,-0.012,0.2319,0.3053,0.3238,0.2758,0.1634,0.0528,0.1795,0.7204,0.334,0.361,0.343,0,0,0,0,1.0,0.36,-0.36,-1.0
semantic_v3_q0231,taboo_private,Private self-disclosure,0.2913,0.6643,0.2894,-0.1393,-0.003,0.0447,0.3033,0.1494,-0.0287,-0.1334,0.695,0.921,0.767,0,1,1,1,1.0,0.36,-0.36,-1.0
semantic_v3_q0232,contradiction_probe,Conflict between declared and behavioral identity,0.2112,0.2664,-0.2033,0.0339,0.2359,0.251,0.4155,0.3699,-0.0333,-0.0296,0.457,0.107,0.345,1,0,1,0,1.0,0.36,-0.36,-1.0
semantic_v3_q0233,relationship_boundaries,"Trust, intimacy and personal boundaries",-0.0027,0.6871,0.6958,-0.0464,-0.0065,0.2648,0.4007,-0.2004,-0.1807,0.0253,0.772,0.831,0.791,0,0,1,1,1.0,0.36,-0.36,-1.0
semantic_v3_q0234,solitude_social_energy,"Solitude, belonging and social recovery",-0.0507,0.2307,0.7282,-0.2432,-0.0066,0.3205,0.2136,-0.1695,0.3061,-0.0341,0.296,0.103,0.234,0,0,0,1,1.0,0.36,-0.36,-1.0
semantic_v3_q0235,execution_pressure,"Pressure, performance and follow-through",0.1693,-0.4611,-0.2736,0.8611,0.3689,0.4532,-0.12,-0.0846,0.391,0.9885,0.604,0.245,0.489,0,0,0,0,1.0,0.36,-0.36,-1.0
semantic_v3_q0236,moral_choice,Ethical tension and ideal/practical tradeoff,0.0979,0.3228,0.2321,0.0284,0.1782,0.017,0.9792,0.0801,0.0229,0.2986,0.56,0.321,0.484,0,0,0,0,1.0,0.36,-0.36,-1.0
semantic_v3_q0237,attention_style,"Attention, novelty and depth",0.7921,0.1348,-0.1529,-0.2795,0.4666,-0.1826,0.4026,0.4526,0.1666,-0.3862,0.283,0.072,0.215,0,0,0,0,1.0,0.36,-0.36,-1.0
semantic_v3_q0238,comfort_zone,"Stability, safety and familiar patterns",-0.8361,-0.0332,0.188,-0.3378,-0.4691,0.6125,-0.1775,-1.0337,-0.3572,0.2945,0.119,0.203,0.146,0,1,0,0,1.0,0.36,-0.36,-1.0
semantic_v3_q0239,digital_nature_tension,Digital life versus natural grounding,0.2718,0.0373,-0.0533,-0.0189,0.2977,-0.0347,-0.0034,0.1503,1.0963,0.0663,0.23,0.105,0.19,0,0,0,0,1.0,0.36,-0.36,-1.0
semantic_v3_q0240,identity_mask,"Self-presentation, masking and private core",0.1033,0.4099,0.4008,-0.1639,0.1565,0.1455,0.224,0.2149,-0.1184,-0.0937,0.412,0.79,0.533,1,1,1,0,1.0,0.36,-0.36,-1.0
semantic_v3_q0241,risk_discovery,Curiosity vs security under uncertainty,0.9103,-0.034,-0.0179,0.2563,0.5097,-0.6792,0.0195,0.6807,-0.0809,0.0864,0.109,0.28,0.164,0,0,0,0,1.0,0.36,-0.36,-1.0
semantic_v3_q0242,emotional_exposure,Emotional openness and disclosure,-0.1086,0.8247,0.3071,-0.1754,0.1425,-0.0067,0.3611,-0.0608,-0.3516,-0.0113,0.62,0.601,0.614,0,1,0,1,1.0,0.36,-0.36,-1.0
semantic_v3_q0243,belonging_autonomy,"Belonging, independence, social alignment",0.1987,0.087,0.8783,-0.1535,0.1822,0.2346,0.0609,-0.0159,-0.058,-0.0613,0.176,0.254,0.201,0,0,1,1,1.0,0.36,-0.36,-1.0
semantic_v3_q0244,act_or_observe,Action versus observation,0.0806,0.0021,-0.0535,0.8926,0.2448,-0.1633,0.0836,0.1279,-0.0795,0.3302,0.107,0.483,0.227,0,0,0,0,1.0,0.36,-0.36,-1.0
semantic_v3_q0245,future_orientation,Future planning and long-range identity,0.1349,0.1409,-0.008,0.1133,1.1142,0.3324,0.2447,0.3438,0.1221,0.2746,0.4,0.334,0.379,0,0,0,0,1.0,0.36,-0.36,-1.0
semantic_v3_q0246,control_spontaneity,"Control, planning, certainty",0.069,-0.0301,0.1785,-0.1891,0.1374,0.9093,-0.0842,-0.321,-0.0694,0.2259,0.293,0.076,0.224,0,1,0,0,1.0,0.36,-0.36,-1.0
semantic_v3_q0247,values_idealism,Pragmatism versus ideals,0.3503,0.3061,0.0512,-0.2,0.2718,-0.0486,0.7235,0.0621,-0.0134,-0.1284,0.532,0.185,0.421,1,0,0,1,1.0,0.36,-0.36,-1.0
semantic_v3_q0248,change_stability,Transformation versus stability,0.3535,-0.1285,0.049,0.2125,0.2614,-0.5294,0.1262,1.1046,0.2386,-0.0623,0.185,0.05,0.142,0,0,0,0,1.0,0.36,-0.36,-1.0
semantic_v3_q0249,nature_technology,"Nature, technology and attention direction",0.1002,-0.091,0.0695,-0.0202,0.076,0.1948,0.1143,0.0355,0.6704,0.1195,0.355,0.313,0.342,0,0,0,0,1.0,0.36,-0.36,-1.0
semantic_v3_q0250,creator_builder,Ideas versus execution,0.2052,-0.0904,-0.0219,0.2928,0.4272,0.2986,-0.0107,-0.0232,-0.0504,1.0867,0.246,0.37,0.286,0,0,0,0,1.0,0.36,-0.36,-1.0
semantic_v3_q0251,taboo_private,Private self-disclosure,0.1011,0.7009,0.2292,-0.1195,-0.0126,0.2749,0.5218,0.2025,-0.1919,-0.1319,0.485,0.748,0.569,0,1,1,1,1.0,0.36,-0.36,-1.0
semantic_v3_q0252,contradiction_probe,Conflict between declared and behavioral identity,0.1703,0.3924,-0.082,0.0632,0.2229,0.0646,0.3811,0.245,-0.1868,0.0459,0.532,0.05,0.378,1,0,1,0,1.0,0.36,-0.36,-1.0
semantic_v3_q0253,relationship_boundaries,"Trust, intimacy and personal boundaries",-0.0551,0.6831,0.6129,0.036,0.0169,0.2354,0.1666,-0.184,-0.1841,-0.0736,0.536,0.829,0.63,0,0,1,1,1.0,0.36,-0.36,-1.0
semantic_v3_q0254,solitude_social_energy,"Solitude, belonging and social recovery",0.0832,0.1764,0.8307,-0.2717,0.2253,0.4893,-0.0415,-0.1814,0.0592,0.1116,0.251,0.128,0.212,0,0,0,1,1.0,0.36,-0.36,-1.0
semantic_v3_q0255,execution_pressure,"Pressure, performance and follow-through",-0.0267,-0.3193,-0.0226,0.777,0.4621,0.4828,-0.297,-0.0093,0.0306,0.906,0.273,0.415,0.318,0,0,0,0,1.0,0.36,-0.36,-1.0
semantic_v3_q0256,moral_choice,Ethical tension and ideal/practical tradeoff,0.1449,0.1667,-0.0212,0.1144,0.2903,0.0506,0.9371,-0.0068,-0.1021,0.1831,0.224,0.465,0.301,0,0,0,0,1.0,0.36,-0.36,-1.0
semantic_v3_q0257,attention_style,"Attention, novelty and depth",0.7009,-0.1081,-0.0042,-0.4164,0.4886,0.0188,0.0334,0.3571,0.2358,-0.5513,0.241,0.189,0.224,0,0,0,0,1.0,0.36,-0.36,-1.0
semantic_v3_q0258,comfort_zone,"Stability, safety and familiar patterns",-0.5979,0.0268,0.1919,-0.2355,-0.3909,0.679,-0.1862,-0.9669,-0.3318,0.2641,0.38,0.164,0.311,0,1,0,0,1.0,0.36,-0.36,-1.0
semantic_v3_q0259,digital_nature_tension,Digital life versus natural grounding,0.0147,-0.1437,-0.1861,0.0094,0.2884,-0.1306,-0.118,-0.0022,0.8331,0.0668,0.334,0.421,0.362,0,0,0,0,1.0,0.36,-0.36,-1.0
semantic_v3_q0260,identity_mask,"Self-presentation, masking and private core",0.1832,0.5412,0.382,0.035,0.1014,0.196,0.222,0.2196,-0.1172,-0.078,0.43,0.789,0.545,1,1,1,1,1.0,0.36,-0.36,-1.0
semantic_v3_q0261,risk_discovery,Curiosity vs security under uncertainty,0.9936,-0.0242,0.0043,0.1405,0.1291,-0.5418,0.2888,0.4859,-0.0275,0.0792,0.284,0.278,0.282,0,0,0,0,1.0,0.36,-0.36,-1.0
semantic_v3_q0262,emotional_exposure,Emotional openness and disclosure,0.0506,0.9765,0.2644,-0.2797,-0.0847,0.0602,0.3205,-0.0237,-0.2814,-0.1428,0.855,0.574,0.765,0,1,0,1,1.0,0.36,-0.36,-1.0
semantic_v3_q0263,belonging_autonomy,"Belonging, independence, social alignment",0.0468,0.1759,0.8305,-0.1317,-0.1563,0.1445,0.0965,-0.0257,0.2783,0.1061,0.263,0.081,0.205,0,0,1,1,1.0,0.36,-0.36,-1.0
semantic_v3_q0264,act_or_observe,Action versus observation,-0.092,-0.0706,0.1271,1.1124,0.1449,-0.1776,0.1189,-0.016,0.0233,0.343,0.319,0.259,0.3,0,0,0,0,1.0,0.36,-0.36,-1.0
semantic_v3_q0265,future_orientation,Future planning and long-range identity,0.2173,0.0782,0.0658,0.1418,1.015,0.4917,0.2101,0.2696,0.0929,0.2016,0.17,0.279,0.205,0,0,0,0,1.0,0.36,-0.36,-1.0
semantic_v3_q0266,control_spontaneity,"Control, planning, certainty",-0.1766,-0.0785,-0.0008,-0.038,0.1997,0.8777,-0.0794,-0.4608,0.007,0.2473,0.323,0.05,0.236,1,1,0,0,1.0,0.36,-0.36,-1.0
semantic_v3_q0267,values_idealism,Pragmatism versus ideals,0.013,0.096,-0.0362,-0.1118,0.1287,0.0135,0.9174,0.1756,-0.2053,-0.1754,0.197,0.199,0.198,0,0,0,0,1.0,0.36,-0.36,-1.0
semantic_v3_q0268,change_stability,Transformation versus stability,0.3069,0.1578,-0.0018,0.2057,0.2561,-0.514,0.192,0.9282,0.0292,-0.0182,0.31,0.533,0.381,0,0,0,0,1.0,0.36,-0.36,-1.0
semantic_v3_q0269,nature_technology,"Nature, technology and attention direction",-0.0997,-0.0692,-0.0665,0.0338,0.1714,-0.0949,-0.0012,-0.0166,0.986,0.2543,0.306,0.243,0.286,0,0,0,0,1.0,0.36,-0.36,-1.0
semantic_v3_q0270,creator_builder,Ideas versus execution,0.3027,0.1522,-0.1718,0.1466,0.3068,0.3275,0.1384,0.1011,0.0112,0.7028,0.426,0.101,0.322,0,0,0,0,1.0,0.36,-0.36,-1.0
semantic_v3_q0271,taboo_private,Private self-disclosure,0.2398,0.6886,0.1788,-0.102,-0.1101,0.2053,0.2005,0.1868,-0.2412,0.0243,0.772,0.68,0.743,0,1,1,1,1.0,0.36,-0.36,-1.0
semantic_v3_q0272,contradiction_probe,Conflict between declared and behavioral identity,-0.0145,0.3785,-0.0432,0.0101,0.2594,0.269,0.275,0.104,-0.0449,0.1524,0.57,0.423,0.523,1,0,1,0,1.0,0.36,-0.36,-1.0
semantic_v3_q0273,relationship_boundaries,"Trust, intimacy and personal boundaries",0.0041,0.8101,0.6727,-0.1548,0.3291,0.4611,0.2225,-0.2583,-0.2046,-0.0295,0.563,0.924,0.679,0,0,1,1,1.0,0.36,-0.36,-1.0
semantic_v3_q0274,solitude_social_energy,"Solitude, belonging and social recovery",0.131,0.3838,0.769,-0.4036,0.1395,0.247,0.1657,-0.2226,-0.1883,-0.142,0.466,0.437,0.457,0,0,0,1,1.0,0.36,-0.36,-1.0
semantic_v3_q0275,execution_pressure,"Pressure, performance and follow-through",0.1747,-0.3157,-0.2871,0.7678,0.4679,0.5809,-0.4638,-0.1264,0.2251,1.0202,0.382,0.451,0.404,0,0,0,0,1.0,0.36,-0.36,-1.0
semantic_v3_q0276,moral_choice,Ethical tension and ideal/practical tradeoff,0.1203,0.2942,0.154,0.0695,0.2746,0.0278,0.9916,0.1298,-0.1205,0.2387,0.539,0.05,0.383,0,0,0,0,1.0,0.36,-0.36,-1.0
semantic_v3_q0277,attention_style,"Attention, novelty and depth",0.8185,-0.1517,-0.2206,-0.415,0.351,-0.124,0.0187,0.477,0.3145,-0.4368,0.486,0.263,0.415,0,0,0,0,1.0,0.36,-0.36,-1.0
semantic_v3_q0278,comfort_zone,"Stability, safety and familiar patterns",-0.7259,0.0337,0.1878,-0.3689,-0.4816,0.6368,-0.0697,-0.8574,-0.1639,0.2956,0.416,0.396,0.41,0,1,0,0,1.0,0.36,-0.36,-1.0
semantic_v3_q0279,digital_nature_tension,Digital life versus natural grounding,0.008,0.1464,0.2592,0.1526,0.1674,0.0429,0.0901,-0.137,0.717,0.1631,0.179,0.405,0.251,0,0,0,0,1.0,0.36,-0.36,-1.0
semantic_v3_q0280,identity_mask,"Self-presentation, masking and private core",0.2083,0.5966,0.2016,0.0026,0.0454,0.3106,0.3192,0.1959,-0.2793,-0.1121,0.517,0.549,0.527,1,1,1,0,1.0,0.36,-0.36,-1.0
semantic_v3_q0281,risk_discovery,Curiosity vs security under uncertainty,0.9818,-0.0132,0.0554,0.2373,0.568,-0.6123,0.158,0.8236,-0.0384,-0.0193,0.089,0.275,0.149,0,0,0,0,1.0,0.36,-0.36,-1.0
semantic_v3_q0282,emotional_exposure,Emotional openness and disclosure,-0.217,0.7526,0.3676,-0.2749,-0.006,0.3638,0.3033,-0.1842,-0.2119,-0.0046,0.822,0.959,0.866,0,1,0,1,1.0,0.36,-0.36,-1.0
semantic_v3_q0283,belonging_autonomy,"Belonging, independence, social alignment",0.073,0.3059,1.0502,-0.0789,-0.0847,0.2661,0.2763,-0.186,-0.0147,-0.0984,0.502,0.106,0.375,0,0,1,1,1.0,0.36,-0.36,-1.0
semantic_v3_q0284,act_or_observe,Action versus observation,0.0274,-0.0336,0.0568,0.8918,0.2005,0.0102,-0.0836,0.0537,-0.1183,0.3784,0.324,0.128,0.261,0,0,0,0,1.0,0.36,-0.36,-1.0
semantic_v3_q0285,future_orientation,Future planning and long-range identity,0.1371,0.0314,0.172,0.1037,0.9344,0.4169,0.3061,0.3254,0.1373,0.1495,0.271,0.05,0.2,1,0,0,0,1.0,0.36,-0.36,-1.0
semantic_v3_q0286,control_spontaneity,"Control, planning, certainty",-0.1669,-0.1511,-0.0588,0.091,0.103,0.9654,-0.2346,-0.3913,-0.0269,0.1952,0.501,0.305,0.438,0,1,0,1,1.0,0.36,-0.36,-1.0
semantic_v3_q0287,values_idealism,Pragmatism versus ideals,0.1685,0.0276,0.0808,0.085,0.1752,-0.3082,0.7901,0.3722,-0.2498,-0.0048,0.264,0.303,0.276,0,0,0,0,1.0,0.36,-0.36,-1.0
semantic_v3_q0288,change_stability,Transformation versus stability,0.3582,0.0772,-0.0429,0.1424,0.1743,-0.3914,0.2171,0.9702,0.0939,-0.0741,0.275,0.245,0.265,0,0,0,0,1.0,0.36,-0.36,-1.0
semantic_v3_q0289,nature_technology,"Nature, technology and attention direction",0.2312,-0.1088,-0.0325,0.088,-0.056,-0.0268,-0.1223,-0.1103,0.9932,0.3516,0.194,0.52,0.298,0,0,0,0,1.0,0.36,-0.36,-1.0
semantic_v3_q0290,creator_builder,Ideas versus execution,0.2118,-0.0933,0.0109,0.2503,0.2741,0.2209,0.1619,0.062,0.2077,1.1647,0.162,0.387,0.234,0,0,0,0,1.0,0.36,-0.36,-1.0
semantic_v3_q0291,taboo_private,Private self-disclosure,0.2327,0.527,0.262,-0.061,0.1407,0.5468,0.2357,0.0485,-0.0997,0.0135,0.434,0.841,0.564,0,1,1,1,1.0,0.36,-0.36,-1.0
semantic_v3_q0292,contradiction_probe,Conflict between declared and behavioral identity,0.3224,0.351,-0.0586,0.0884,0.2173,0.1378,0.2606,0.3573,-0.07,-0.0344,0.497,0.234,0.413,1,0,1,0,1.0,0.36,-0.36,-1.0
semantic_v3_q0293,relationship_boundaries,"Trust, intimacy and personal boundaries",-0.2333,0.7331,0.6888,-0.1646,0.0885,0.3153,0.1769,-0.2098,-0.2446,0.026,0.496,0.946,0.64,0,0,1,1,1.0,0.36,-0.36,-1.0
semantic_v3_q0294,solitude_social_energy,"Solitude, belonging and social recovery",-0.0658,0.2383,0.8093,-0.2897,-0.0105,0.3306,0.1625,-0.192,-0.1181,-0.1289,0.542,0.198,0.432,0,0,0,1,1.0,0.36,-0.36,-1.0
semantic_v3_q0295,execution_pressure,"Pressure, performance and follow-through",0.0382,-0.2933,0.0171,0.4546,0.3179,0.4709,-0.1767,0.0094,0.2371,0.5632,0.556,0.558,0.557,0,0,0,0,1.0,0.36,-0.36,-1.0
semantic_v3_q0296,moral_choice,Ethical tension and ideal/practical tradeoff,0.0774,0.3233,0.1488,-0.0506,0.0677,0.1606,0.844,0.2105,-0.2139,0.2766,0.367,0.216,0.319,0,0,0,0,1.0,0.36,-0.36,-1.0
semantic_v3_q0297,attention_style,"Attention, novelty and depth",0.8251,-0.133,-0.128,-0.3775,0.4423,-0.1433,0.0979,0.5414,0.1836,-0.4956,0.303,0.05,0.222,0,0,0,0,1.0,0.36,-0.36,-1.0
semantic_v3_q0298,comfort_zone,"Stability, safety and familiar patterns",-0.461,-0.106,0.1727,-0.1035,-0.4092,0.7,-0.0171,-0.5995,0.0398,0.4159,0.166,0.05,0.129,0,1,0,0,1.0,0.36,-0.36,-1.0
semantic_v3_q0299,digital_nature_tension,Digital life versus natural grounding,0.1278,-0.001,0.2284,0.0584,0.1274,-0.0868,-0.1234,0.2569,1.1747,0.0879,0.214,0.068,0.167,0,0,0,1,1.0,0.36,-0.36,-1.0
semantic_v3_q0300,identity_mask,"Self-presentation, masking and private core",0.2877,0.4523,0.3947,-0.0171,0.041,0.3857,0.1979,0.0519,-0.0482,-0.0942,0.527,0.85,0.63,1,1,1,0,1.0,0.36,-0.36,-1.0
semantic_v3_q0301,risk_discovery,Curiosity vs security under uncertainty,0.8649,0.0673,-0.1564,-0.1112,0.3497,-0.5447,0.0789,0.8387,-0.0879,-0.1219,0.361,0.24,0.322,0,0,0,0,1.0,0.36,-0.36,-1.0
semantic_v3_q0302,emotional_exposure,Emotional openness and disclosure,0.0025,1.043,0.3023,-0.2276,0.0148,0.0256,0.3683,0.1039,-0.1683,-0.4491,0.798,0.852,0.815,0,1,0,1,1.0,0.36,-0.36,-1.0
semantic_v3_q0303,belonging_autonomy,"Belonging, independence, social alignment",0.0633,0.2063,1.1207,-0.0181,-0.0007,0.1297,0.2797,-0.0903,-0.1577,-0.1653,0.471,0.07,0.343,0,0,1,1,1.0,0.36,-0.36,-1.0
semantic_v3_q0304,act_or_observe,Action versus observation,0.2165,0.0773,-0.1148,0.9561,0.2584,-0.1736,0.088,0.1807,-0.2252,0.2028,0.422,0.42,0.421,1,0,0,0,1.0,0.36,-0.36,-1.0
semantic_v3_q0305,future_orientation,Future planning and long-range identity,0.1538,0.1014,0.0046,-0.0484,1.0199,0.3845,0.302,0.2646,0.2005,0.1942,0.215,0.145,0.193,0,0,0,0,1.0,0.36,-0.36,-1.0
semantic_v3_q0306,control_spontaneity,"Control, planning, certainty",0.0143,0.2144,0.1091,-0.196,0.1305,0.8671,-0.0362,-0.1311,-0.1215,0.0655,0.477,0.391,0.449,0,1,0,0,1.0,0.36,-0.36,-1.0
semantic_v3_q0307,values_idealism,Pragmatism versus ideals,0.0761,0.3484,0.0276,-0.1388,0.1716,-0.0377,0.91,0.1673,-0.2959,-0.2104,0.311,0.458,0.358,0,0,0,0,1.0,0.36,-0.36,-1.0
semantic_v3_q0308,change_stability,Transformation versus stability,0.082,-0.052,0.0139,-0.1103,0.3158,-0.3243,0.0012,0.6283,0.1167,-0.0893,0.265,0.509,0.343,0,0,0,0,1.0,0.36,-0.36,-1.0
semantic_v3_q0309,nature_technology,"Nature, technology and attention direction",0.1028,-0.0193,0.0594,-0.0788,0.2444,0.0415,-0.1419,0.0967,0.8955,0.1862,0.368,0.134,0.293,0,0,0,0,1.0,0.36,-0.36,-1.0
semantic_v3_q0310,creator_builder,Ideas versus execution,0.1838,0.1208,0.0408,0.0809,0.2275,0.2081,0.0712,0.1127,-0.0188,1.0142,0.363,0.325,0.351,0,0,0,0,1.0,0.36,-0.36,-1.0
semantic_v3_q0311,taboo_private,Private self-disclosure,0.077,0.8757,0.3136,-0.0228,-0.0363,0.197,0.2252,0.095,-0.0498,-0.2255,0.9,0.433,0.751,0,1,1,1,1.0,0.36,-0.36,-1.0
semantic_v3_q0312,contradiction_probe,Conflict between declared and behavioral identity,0.1559,0.4255,-0.1961,0.0839,0.2265,0.2935,0.272,0.2798,-0.035,0.0421,0.653,0.204,0.509,1,0,1,1,1.0,0.36,-0.36,-1.0
semantic_v3_q0313,relationship_boundaries,"Trust, intimacy and personal boundaries",-0.1273,0.6349,0.7177,-0.2636,0.1428,0.3651,0.1442,-0.2619,-0.2004,0.0587,0.536,0.738,0.601,0,0,1,1,1.0,0.36,-0.36,-1.0
semantic_v3_q0314,solitude_social_energy,"Solitude, belonging and social recovery",0.0407,0.2255,0.7593,-0.4554,0.0334,0.214,0.0831,-0.1113,-0.1251,-0.1119,0.331,0.522,0.392,0,0,0,1,1.0,0.36,-0.36,-1.0
semantic_v3_q0315,execution_pressure,"Pressure, performance and follow-through",0.0002,-0.4872,-0.1036,0.9668,0.2992,0.6246,-0.5071,-0.0495,0.2693,0.9998,0.383,0.25,0.34,0,0,0,0,1.0,0.36,-0.36,-1.0
semantic_v3_q0316,moral_choice,Ethical tension and ideal/practical tradeoff,0.1484,0.4926,0.1288,0.1789,0.3075,0.0523,0.9174,0.1516,-0.1624,0.1705,0.601,0.22,0.479,0,0,0,0,1.0,0.36,-0.36,-1.0
semantic_v3_q0317,attention_style,"Attention, novelty and depth",0.5822,-0.0258,-0.0958,-0.3405,0.3265,-0.1145,0.5227,0.3005,0.3226,-0.482,0.261,0.339,0.286,0,0,0,0,1.0,0.36,-0.36,-1.0
semantic_v3_q0318,comfort_zone,"Stability, safety and familiar patterns",-0.6769,0.0221,0.1596,-0.1859,-0.3218,0.7585,-0.2965,-0.8472,-0.262,0.192,0.41,0.367,0.396,0,1,0,0,1.0,0.36,-0.36,-1.0
semantic_v3_q0319,digital_nature_tension,Digital life versus natural grounding,-0.0792,-0.1272,-0.0568,0.1156,0.0232,0.0086,-0.0757,-0.0171,0.8236,0.1634,0.428,0.519,0.457,0,0,0,0,1.0,0.36,-0.36,-1.0
semantic_v3_q0320,identity_mask,"Self-presentation, masking and private core",0.1628,0.4582,0.3303,-0.0464,0.066,0.2449,0.1677,0.3739,0.021,-0.0936,0.623,0.811,0.683,1,1,1,0,1.0,0.36,-0.36,-1.0
semantic_v3_q0321,risk_discovery,Curiosity vs security under uncertainty,0.9429,-0.0011,-0.1383,0.0601,0.3063,-0.309,0.3333,0.7493,-0.1251,-0.1404,0.111,0.408,0.206,0,0,0,0,1.0,0.36,-0.36,-1.0
semantic_v3_q0322,emotional_exposure,Emotional openness and disclosure,-0.1809,0.8661,0.2049,-0.0837,0.0337,0.1985,0.3716,0.0477,-0.1095,-0.1782,0.761,0.566,0.699,0,1,0,1,1.0,0.36,-0.36,-1.0
semantic_v3_q0323,belonging_autonomy,"Belonging, independence, social alignment",0.0871,0.1711,0.9912,-0.0822,-0.1391,0.2205,0.0331,-0.0417,-0.1378,0.1557,0.184,0.311,0.225,1,0,1,1,1.0,0.36,-0.36,-1.0
semantic_v3_q0324,act_or_observe,Action versus observation,0.256,0.0958,0.0804,0.9207,0.3315,-0.1628,0.0641,0.1073,0.0023,0.2606,0.462,0.332,0.42,0,0,0,0,1.0,0.36,-0.36,-1.0
semantic_v3_q0325,future_orientation,Future planning and long-range identity,0.2399,0.053,0.0327,0.1748,0.9675,0.4123,0.5238,0.1999,0.2223,0.2061,0.421,0.496,0.445,0,0,0,1,1.0,0.36,-0.36,-1.0
semantic_v3_q0326,control_spontaneity,"Control, planning, certainty",-0.0606,-0.0527,0.1145,-0.1066,0.1649,0.8236,-0.2861,-0.1559,-0.026,0.186,0.152,0.389,0.228,0,1,0,0,1.0,0.36,-0.36,-1.0
semantic_v3_q0327,values_idealism,Pragmatism versus ideals,-0.0834,-0.0275,-0.082,0.167,0.2525,0.0701,0.7893,0.0263,-0.0713,0.1245,0.232,0.548,0.333,0,0,0,0,1.0,0.36,-0.36,-1.0
semantic_v3_q0328,change_stability,Transformation versus stability,0.3612,0.1657,0.2202,0.0713,0.241,-0.5062,0.1881,0.9795,0.08,-0.0934,0.38,0.3,0.354,0,0,0,0,1.0,0.36,-0.36,-1.0
semantic_v3_q0329,nature_technology,"Nature, technology and attention direction",0.0899,-0.1596,-0.0737,0.0509,0.3251,-0.0826,-0.1318,-0.013,1.0106,0.0972,0.398,0.336,0.378,0,0,0,0,1.0,0.36,-0.36,-1.0
semantic_v3_q0330,creator_builder,Ideas versus execution,0.3834,0.0309,0.1058,0.111,0.3621,-0.0669,-0.0308,0.0123,0.0943,0.9422,0.424,0.352,0.401,0,0,0,0,1.0,0.36,-0.36,-1.0
semantic_v3_q0331,taboo_private,Private self-disclosure,0.1863,0.751,0.2066,-0.0694,0.1133,0.2999,0.3796,0.067,-0.0126,-0.0354,0.549,0.687,0.593,0,1,1,1,1.0,0.36,-0.36,-1.0
semantic_v3_q0332,contradiction_probe,Conflict between declared and behavioral identity,0.3561,0.5558,-0.1466,0.2135,0.1772,0.1568,0.2197,0.3862,0.0293,-0.0821,0.59,0.405,0.531,1,0,1,0,1.0,0.36,-0.36,-1.0
semantic_v3_q0333,relationship_boundaries,"Trust, intimacy and personal boundaries",-0.0502,0.6142,0.5745,0.2993,0.231,0.1577,0.144,0.018,-0.1526,0.0032,0.626,0.847,0.697,0,0,1,1,1.0,0.36,-0.36,-1.0
semantic_v3_q0334,solitude_social_energy,"Solitude, belonging and social recovery",-0.1431,0.4324,0.75,-0.2035,0.0077,0.2339,0.1295,-0.0041,-0.194,-0.1031,0.344,0.121,0.273,0,0,0,1,1.0,0.36,-0.36,-1.0
semantic_v3_q0335,execution_pressure,"Pressure, performance and follow-through",-0.0808,-0.3585,-0.1803,0.6945,0.3494,0.4646,-0.2267,0.011,0.476,0.6879,0.578,0.691,0.614,0,0,0,0,1.0,0.36,-0.36,-1.0
semantic_v3_q0336,moral_choice,Ethical tension and ideal/practical tradeoff,-0.0612,0.3745,0.1215,0.2827,0.1595,-0.0463,0.9849,-0.1464,-0.1658,0.1787,0.532,0.332,0.468,0,0,0,0,1.0,0.36,-0.36,-1.0
semantic_v3_q0337,attention_style,"Attention, novelty and depth",0.7092,-0.0842,-0.1604,-0.4781,0.4484,-0.0789,0.3123,0.4383,0.3724,-0.1525,0.371,0.483,0.407,0,0,0,0,1.0,0.36,-0.36,-1.0
semantic_v3_q0338,comfort_zone,"Stability, safety and familiar patterns",-0.605,-0.0417,0.1436,-0.2449,-0.3955,0.7064,-0.1538,-0.9163,-0.2696,0.1891,0.197,0.351,0.246,0,1,0,1,1.0,0.36,-0.36,-1.0
semantic_v3_q0339,digital_nature_tension,Digital life versus natural grounding,0.0578,-0.0641,-0.3006,-0.0206,0.2365,0.0461,0.0801,0.1704,1.122,0.0202,0.309,0.245,0.289,0,0,0,0,1.0,0.36,-0.36,-1.0
semantic_v3_q0340,identity_mask,"Self-presentation, masking and private core",0.1235,0.3482,0.125,-0.0551,-0.032,0.0373,0.3298,0.4458,-0.0082,-0.209,0.61,0.864,0.691,1,1,1,0,1.0,0.36,-0.36,-1.0
semantic_v3_q0341,risk_discovery,Curiosity vs security under uncertainty,0.6829,0.0259,0.0615,0.3201,0.3286,-0.2488,0.4345,0.5332,-0.0822,-0.1331,0.25,0.244,0.248,0,0,0,0,1.0,0.36,-0.36,-1.0
semantic_v3_q0342,emotional_exposure,Emotional openness and disclosure,0.0127,1.0557,0.2115,-0.373,0.1533,-0.0848,0.2392,0.1401,-0.0882,-0.0668,0.917,0.822,0.887,1,1,0,1,1.0,0.36,-0.36,-1.0
semantic_v3_q0343,belonging_autonomy,"Belonging, independence, social alignment",0.1851,0.3873,0.8269,0.081,0.1222,-0.092,0.146,0.2352,-0.0368,0.0115,0.434,0.365,0.412,0,0,1,1,1.0,0.36,-0.36,-1.0
semantic_v3_q0344,act_or_observe,Action versus observation,0.1153,0.3474,0.2282,0.676,0.1659,-0.1723,0.0528,0.0125,-0.0572,0.1545,0.504,0.203,0.408,0,0,0,0,1.0,0.36,-0.36,-1.0
semantic_v3_q0345,future_orientation,Future planning and long-range identity,0.1424,-0.1742,0.2129,0.1353,0.7377,0.4682,0.08,0.0915,0.2463,0.2859,0.417,0.233,0.358,0,0,0,0,1.0,0.36,-0.36,-1.0
semantic_v3_q0346,control_spontaneity,"Control, planning, certainty",-0.0327,0.0216,0.0567,0.0162,0.1984,1.0116,-0.2091,-0.3151,-0.1418,0.0577,0.347,0.277,0.325,0,1,0,0,1.0,0.36,-0.36,-1.0
semantic_v3_q0347,values_idealism,Pragmatism versus ideals,0.0948,0.2684,0.0331,0.1273,0.2784,0.0602,1.038,0.2653,-0.1974,-0.1321,0.242,0.392,0.29,0,0,0,0,1.0,0.36,-0.36,-1.0
semantic_v3_q0348,change_stability,Transformation versus stability,0.3737,-0.0366,-0.0156,0.1082,0.422,-0.4301,0.2733,0.9912,-0.0916,-0.1602,0.33,0.124,0.264,0,0,0,0,1.0,0.36,-0.36,-1.0
semantic_v3_q0349,nature_technology,"Nature, technology and attention direction",0.2152,0.1414,0.0034,-0.0661,0.14,0.0869,0.0267,0.25,0.6156,0.11,0.328,0.224,0.295,0,0,0,0,1.0,0.36,-0.36,-1.0
semantic_v3_q0350,creator_builder,Ideas versus execution,0.2997,-0.1345,-0.0369,0.1633,0.2715,0.2077,0.1757,-0.0146,0.2141,1.1582,0.28,0.308,0.289,0,0,0,0,1.0,0.36,-0.36,-1.0
semantic_v3_q0351,taboo_private,Private self-disclosure,0.1169,0.5047,0.2816,-0.1418,-0.1753,0.1399,0.3807,0.099,-0.1884,-0.0087,0.576,0.744,0.63,0,1,1,1,1.0,0.36,-0.36,-1.0
semantic_v3_q0352,contradiction_probe,Conflict between declared and behavioral identity,0.243,0.3643,-0.158,0.2427,0.0233,0.2486,0.3225,0.2889,-0.1126,-0.1235,0.469,0.243,0.397,1,0,1,0,1.0,0.36,-0.36,-1.0
semantic_v3_q0353,relationship_boundaries,"Trust, intimacy and personal boundaries",-0.0413,0.7627,0.8098,-0.0893,0.1184,0.2813,0.2448,-0.1794,-0.1665,0.0752,0.548,0.77,0.619,0,0,1,1,1.0,0.36,-0.36,-1.0
semantic_v3_q0354,solitude_social_energy,"Solitude, belonging and social recovery",-0.0571,0.3426,0.592,-0.3845,-0.0178,0.3664,0.1902,-0.2827,0.031,-0.1248,0.395,0.404,0.398,0,0,0,1,1.0,0.36,-0.36,-1.0
semantic_v3_q0355,execution_pressure,"Pressure, performance and follow-through",0.1128,-0.5157,-0.1666,0.9967,0.3999,0.4664,-0.3406,-0.1204,0.3035,1.0203,0.404,0.144,0.321,0,0,0,0,1.0,0.36,-0.36,-1.0
semantic_v3_q0356,moral_choice,Ethical tension and ideal/practical tradeoff,0.0687,0.4169,0.1247,0.1488,0.0496,0.144,0.9199,0.091,-0.0915,0.1671,0.589,0.309,0.499,0,0,0,0,1.0,0.36,-0.36,-1.0
semantic_v3_q0357,attention_style,"Attention, novelty and depth",0.7693,0.0023,-0.028,-0.5186,0.4512,-0.0758,0.2034,0.4357,0.2518,-0.3794,0.228,0.466,0.304,0,0,0,0,1.0,0.36,-0.36,-1.0
semantic_v3_q0358,comfort_zone,"Stability, safety and familiar patterns",-0.6141,0.2182,0.3476,-0.083,-0.4277,0.7168,-0.2438,-1.0622,-0.3298,0.3861,0.299,0.334,0.31,0,1,0,0,1.0,0.36,-0.36,-1.0
semantic_v3_q0359,digital_nature_tension,Digital life versus natural grounding,0.1199,-0.0569,-0.074,-0.08,0.0357,0.057,0.01,0.0238,1.0339,0.0559,0.422,0.05,0.303,0,0,0,0,1.0,0.36,-0.36,-1.0
semantic_v3_q0360,identity_mask,"Self-presentation, masking and private core",0.1051,0.526,0.3614,-0.1433,0.024,0.2372,0.4063,0.1466,-0.1088,-0.0684,0.676,0.65,0.668,1,1,1,0,1.0,0.36,-0.36,-1.0
semantic_v3_q0361,risk_discovery,Curiosity vs security under uncertainty,0.9166,-0.0422,-0.0927,0.1266,0.3404,-0.2245,0.1004,0.5825,0.2805,0.2072,0.363,0.251,0.327,1,0,0,0,1.0,0.36,-0.36,-1.0
semantic_v3_q0362,emotional_exposure,Emotional openness and disclosure,-0.022,0.939,0.2719,-0.1598,-0.0986,0.3124,0.3607,0.1383,-0.474,-0.1686,0.669,0.815,0.716,0,1,0,1,1.0,0.36,-0.36,-1.0
semantic_v3_q0363,belonging_autonomy,"Belonging, independence, social alignment",0.1727,0.0765,1.0335,0.1021,0.0003,0.1334,0.0518,-0.1869,-0.0144,0.0297,0.153,0.267,0.189,0,0,1,1,1.0,0.36,-0.36,-1.0
semantic_v3_q0364,act_or_observe,Action versus observation,0.18,-0.039,-0.0984,0.9562,0.1476,-0.1391,-0.0357,0.1538,-0.0587,0.3532,0.166,0.407,0.243,0,0,0,1,1.0,0.36,-0.36,-1.0
semantic_v3_q0365,future_orientation,Future planning and long-range identity,0.1297,-0.0493,-0.0492,0.0342,1.0196,0.4858,0.3668,0.3188,0.1072,0.2584,0.131,0.148,0.136,0,0,0,0,1.0,0.36,-0.36,-1.0
semantic_v3_q0366,control_spontaneity,"Control, planning, certainty",-0.0648,-0.1676,0.1556,0.0679,0.3268,1.0937,-0.2328,-0.2872,-0.1273,0.2896,0.509,0.289,0.439,0,1,0,0,1.0,0.36,-0.36,-1.0
semantic_v3_q0367,values_idealism,Pragmatism versus ideals,0.1107,0.2147,-0.0839,-0.005,0.3969,-0.0616,1.0466,0.1872,-0.1145,-0.1591,0.481,0.448,0.47,0,0,0,0,1.0,0.36,-0.36,-1.0
semantic_v3_q0368,change_stability,Transformation versus stability,0.2463,0.3147,0.101,0.0654,0.3078,-0.3235,0.2969,0.7983,0.0153,0.0301,0.306,0.513,0.372,0,0,0,0,1.0,0.36,-0.36,-1.0
semantic_v3_q0369,nature_technology,"Nature, technology and attention direction",0.1336,0.0228,-0.132,0.1994,0.079,-0.005,-0.2376,-0.1802,1.0222,0.3055,0.202,0.206,0.203,0,0,0,0,1.0,0.36,-0.36,-1.0
semantic_v3_q0370,creator_builder,Ideas versus execution,0.3459,0.0723,-0.118,0.1283,0.1338,0.196,0.3305,0.0603,-0.0151,0.8981,0.411,0.287,0.371,0,0,0,0,1.0,0.36,-0.36,-1.0
semantic_v3_q0371,taboo_private,Private self-disclosure,0.0865,0.7319,0.2091,-0.0427,-0.0419,0.0411,0.2923,0.3293,-0.2867,0.0332,0.561,0.802,0.638,0,1,1,1,1.0,0.36,-0.36,-1.0
semantic_v3_q0372,contradiction_probe,Conflict between declared and behavioral identity,0.2982,0.5267,-0.1256,0.0951,0.3793,0.1432,0.3338,0.2902,-0.2075,0.3588,0.54,0.49,0.524,1,0,1,0,1.0,0.36,-0.36,-1.0
semantic_v3_q0373,relationship_boundaries,"Trust, intimacy and personal boundaries",-0.158,0.6022,0.7072,-0.0368,0.1718,0.1084,0.1887,-0.1497,-0.2713,-0.0191,0.47,1,0.64,0,0,1,1,1.0,0.36,-0.36,-1.0
semantic_v3_q0374,solitude_social_energy,"Solitude, belonging and social recovery",0.1683,0.2349,0.9202,-0.4945,0.0376,0.3612,0.0869,-0.0313,-0.0931,-0.1042,0.353,0.558,0.419,0,0,0,1,1.0,0.36,-0.36,-1.0
semantic_v3_q0375,execution_pressure,"Pressure, performance and follow-through",-0.2814,-0.4746,-0.1748,0.6742,0.4089,0.5148,-0.3159,-0.2241,-0.0209,0.8193,0.394,0.373,0.387,0,0,0,0,1.0,0.36,-0.36,-1.0
semantic_v3_q0376,moral_choice,Ethical tension and ideal/practical tradeoff,0.2122,0.1471,0.0214,0.093,0.1814,-0.196,0.8152,0.2697,-0.1552,0.1449,0.175,0.266,0.204,0,0,0,0,1.0,0.36,-0.36,-1.0
semantic_v3_q0377,attention_style,"Attention, novelty and depth",0.88,-0.3713,-0.1069,-0.5026,0.3414,-0.1029,0.2839,0.4517,0.2631,-0.4121,0.326,0.282,0.312,0,0,0,1,1.0,0.36,-0.36,-1.0
semantic_v3_q0378,comfort_zone,"Stability, safety and familiar patterns",-0.4086,0.1122,0.3144,-0.1223,-0.286,0.3784,0.0039,-0.6452,-0.1992,0.1805,0.148,0.402,0.229,0,1,0,0,1.0,0.36,-0.36,-1.0
semantic_v3_q0379,digital_nature_tension,Digital life versus natural grounding,0.2386,0.0357,0.0185,-0.0885,0.1716,0.1258,0.0469,0.0408,0.6972,0.0489,0.15,0.264,0.186,0,0,0,0,1.0,0.36,-0.36,-1.0
semantic_v3_q0380,identity_mask,"Self-presentation, masking and private core",0.1135,0.5453,0.3075,0.0015,0.2123,0.1537,0.1945,0.2388,-0.1203,-0.2009,0.577,0.506,0.554,1,1,1,0,1.0,0.36,-0.36,-1.0
semantic_v3_q0381,risk_discovery,Curiosity vs security under uncertainty,0.9951,-0.095,-0.0019,0.2256,0.4434,-0.4227,-0.0135,0.7601,-0.0065,-0.1136,0.214,0.112,0.181,0,0,0,0,1.0,0.36,-0.36,-1.0
semantic_v3_q0382,emotional_exposure,Emotional openness and disclosure,-0.0994,0.9388,0.3401,-0.0948,0.1363,0.2369,0.3792,0.0895,-0.1084,-0.0953,0.751,0.649,0.718,0,1,0,1,1.0,0.36,-0.36,-1.0
semantic_v3_q0383,belonging_autonomy,"Belonging, independence, social alignment",0.1093,0.2738,1.1175,-0.1222,-0.0408,0.277,0.1114,-0.1573,0.0296,0.0377,0.537,0.307,0.463,0,0,1,1,1.0,0.36,-0.36,-1.0
semantic_v3_q0384,act_or_observe,Action versus observation,0.0003,-0.0357,-0.1125,0.9731,0.0907,-0.1671,-0.102,0.1277,-0.0628,0.3178,0.303,0.528,0.375,0,0,0,0,1.0,0.36,-0.36,-1.0
semantic_v3_q0385,future_orientation,Future planning and long-range identity,0.2586,-0.1209,0.2414,0.1443,0.9033,0.4116,0.1664,0.0909,0.2239,0.1936,0.41,0.297,0.374,0,0,0,0,1.0,0.36,-0.36,-1.0
semantic_v3_q0386,control_spontaneity,"Control, planning, certainty",-0.0292,-0.1585,-0.0343,0.0221,0.0222,0.9342,-0.2177,-0.4461,0.1308,0.309,0.445,0.427,0.439,0,1,0,0,1.0,0.36,-0.36,-1.0
semantic_v3_q0387,values_idealism,Pragmatism versus ideals,-0.0095,0.2553,0.0503,-0.0823,0.0136,0.0052,0.709,-0.021,-0.3034,0.098,0.279,0.05,0.206,0,0,0,0,1.0,0.36,-0.36,-1.0
semantic_v3_q0388,change_stability,Transformation versus stability,0.2007,-0.015,0.0226,0.0161,0.3571,-0.1668,0.1904,0.7442,-0.0001,0.0812,0.413,0.389,0.405,0,0,0,0,1.0,0.36,-0.36,-1.0
semantic_v3_q0389,nature_technology,"Nature, technology and attention direction",0.0765,0.0669,0.0397,-0.0078,0.0082,0.067,0.1168,0.0657,0.7813,0.2692,0.393,0.361,0.383,0,0,0,0,1.0,0.36,-0.36,-1.0
semantic_v3_q0390,creator_builder,Ideas versus execution,0.1843,0.0467,0.1918,0.3255,0.3651,0.1265,0.2448,0.0219,0.0757,1.0192,0.113,0.132,0.119,0,0,0,1,1.0,0.36,-0.36,-1.0
semantic_v3_q0391,taboo_private,Private self-disclosure,0.2537,0.6033,0.24,-0.1544,-0.0251,0.1666,0.3137,0.083,-0.0109,-0.1847,0.626,0.986,0.741,0,1,1,1,1.0,0.36,-0.36,-1.0
semantic_v3_q0392,contradiction_probe,Conflict between declared and behavioral identity,0.2914,0.4206,-0.1507,-0.0398,0.258,0.2414,0.3541,0.3668,-0.1023,-0.0353,0.649,0.478,0.594,1,0,1,0,1.0,0.36,-0.36,-1.0
semantic_v3_q0393,relationship_boundaries,"Trust, intimacy and personal boundaries",0.0226,0.6551,0.5484,-0.0775,0.1367,0.3663,0.3488,-0.1687,-0.1049,0.059,0.737,0.82,0.764,0,0,1,1,1.0,0.36,-0.36,-1.0
semantic_v3_q0394,solitude_social_energy,"Solitude, belonging and social recovery",0.2565,0.1527,0.5415,-0.4247,0.078,0.214,0.2489,-0.0223,-0.0603,-0.2055,0.251,0.239,0.247,0,0,0,1,1.0,0.36,-0.36,-1.0
semantic_v3_q0395,execution_pressure,"Pressure, performance and follow-through",0.2097,-0.3866,-0.198,0.8665,0.5176,0.4861,-0.2704,-0.1401,0.0979,0.8795,0.49,0.308,0.432,0,0,0,0,1.0,0.36,-0.36,-1.0
semantic_v3_q0396,moral_choice,Ethical tension and ideal/practical tradeoff,0.0474,0.2439,0.1584,-0.06,0.1282,0.1005,1.0353,0.1287,-0.1169,0.275,0.244,0.326,0.27,0,0,0,0,1.0,0.36,-0.36,-1.0
semantic_v3_q0397,attention_style,"Attention, novelty and depth",0.749,-0.0772,-0.1947,-0.4081,0.4293,-0.1448,0.2448,0.4061,0.069,-0.4046,0.143,0.411,0.229,0,0,0,0,1.0,0.36,-0.36,-1.0
semantic_v3_q0398,comfort_zone,"Stability, safety and familiar patterns",-0.4789,0.2592,0.3114,-0.2172,-0.4018,0.6252,-0.1308,-0.7924,-0.4587,0.188,0.233,0.126,0.199,0,1,0,0,1.0,0.36,-0.36,-1.0
semantic_v3_q0399,digital_nature_tension,Digital life versus natural grounding,0.1131,-0.1084,-0.0946,-0.0093,0.2405,-0.0149,-0.1179,0.2614,0.9597,0.2821,0.26,0.47,0.327,1,0,0,0,1.0,0.36,-0.36,-1.0
semantic_v3_q0400,identity_mask,"Self-presentation, masking and private core",0.1028,0.5715,0.3661,-0.0532,0.032,0.1281,0.2384,0.0587,0.0593,-0.0103,0.697,0.75,0.714,1,1,1,0,1.0,0.36,-0.36,-1.0
semantic_v3_q0401,risk_discovery,Curiosity vs security under uncertainty,1.0586,-0.0701,0.0069,0.3709,0.256,-0.5778,0.0979,0.7394,-0.0132,-0.058,0.253,0.393,0.298,0,0,0,0,1.0,0.36,-0.36,-1.0
semantic_v3_q0402,emotional_exposure,Emotional openness and disclosure,0.0065,1.065,0.4518,-0.4143,0.0413,0.1269,0.4732,0.2411,-0.1961,-0.1252,0.828,0.869,0.841,0,1,0,1,1.0,0.36,-0.36,-1.0
semantic_v3_q0403,belonging_autonomy,"Belonging, independence, social alignment",0.1342,0.1126,0.9113,-0.0162,0.028,0.3801,0.1458,-0.096,0.1708,0.0907,0.466,0.082,0.343,0,0,1,1,1.0,0.36,-0.36,-1.0
semantic_v3_q0404,act_or_observe,Action versus observation,0.0679,0.1745,-0.0017,0.6902,0.3062,-0.0271,0.0842,0.2898,-0.0265,0.1661,0.301,0.315,0.305,0,0,0,0,1.0,0.36,-0.36,-1.0
semantic_v3_q0405,future_orientation,Future planning and long-range identity,0.2168,-0.0327,0.1564,0.0383,0.7522,0.4069,0.0774,0.2979,0.258,0.0904,0.378,0.602,0.45,0,0,0,0,1.0,0.36,-0.36,-1.0
semantic_v3_q0406,control_spontaneity,"Control, planning, certainty",0.0053,0.1054,0.1257,0.0553,0.085,0.9452,0.0917,-0.1563,-0.0368,0.0376,0.472,0.735,0.556,0,1,0,0,1.0,0.36,-0.36,-1.0
semantic_v3_q0407,values_idealism,Pragmatism versus ideals,0.0729,0.0175,0.1395,0.1087,-0.0484,-0.0219,1.0171,0.1846,-0.1175,-0.0905,0.308,0.231,0.283,0,0,0,0,1.0,0.36,-0.36,-1.0
semantic_v3_q0408,change_stability,Transformation versus stability,0.3385,0.0647,-0.0856,0.2667,0.3114,-0.4689,0.2395,1.1478,0.0791,-0.2857,0.318,0.389,0.341,0,0,0,0,1.0,0.36,-0.36,-1.0
semantic_v3_q0409,nature_technology,"Nature, technology and attention direction",0.1047,-0.1611,-0.0033,0.0358,0.1518,0.0215,-0.1253,-0.0819,0.9018,0.1812,0.303,0.13,0.248,0,0,0,0,1.0,0.36,-0.36,-1.0
semantic_v3_q0410,creator_builder,Ideas versus execution,0.3028,0.0121,-0.1969,0.177,0.3583,0.1257,0.2208,0.2039,0.14,1.1826,0.354,0.228,0.314,0,0,0,0,1.0,0.36,-0.36,-1.0
semantic_v3_q0411,taboo_private,Private self-disclosure,0.326,0.6449,0.1966,-0.1694,-0.1102,0.0023,0.3643,0.3623,-0.0029,-0.1825,0.693,1,0.791,0,1,1,1,1.0,0.36,-0.36,-1.0
semantic_v3_q0412,contradiction_probe,Conflict between declared and behavioral identity,0.3113,0.4727,-0.1801,0.0833,0.2211,0.3687,0.3954,0.3228,0.0375,0.1942,0.49,0.144,0.379,1,0,1,0,1.0,0.36,-0.36,-1.0
semantic_v3_q0413,relationship_boundaries,"Trust, intimacy and personal boundaries",-0.0584,0.6432,0.612,-0.0774,0.2778,0.3292,0.0346,-0.1657,-0.15,-0.0144,0.695,0.622,0.672,0,0,1,1,1.0,0.36,-0.36,-1.0
semantic_v3_q0414,solitude_social_energy,"Solitude, belonging and social recovery",0.0532,0.2734,0.6861,-0.4239,0.029,0.1587,0.0795,-0.1783,-0.013,-0.0783,0.415,0.388,0.406,0,0,0,1,1.0,0.36,-0.36,-1.0
semantic_v3_q0415,execution_pressure,"Pressure, performance and follow-through",0.2671,-0.3636,-0.1521,0.9213,0.3514,0.33,-0.0924,-0.0912,0.1968,0.7187,0.339,0.339,0.339,0,0,0,0,1.0,0.36,-0.36,-1.0
semantic_v3_q0416,moral_choice,Ethical tension and ideal/practical tradeoff,-0.0183,0.1614,0.1719,-0.0242,0.297,0.0444,0.9045,-0.0332,-0.0616,0.0526,0.264,0.192,0.241,0,0,0,1,1.0,0.36,-0.36,-1.0
semantic_v3_q0417,attention_style,"Attention, novelty and depth",0.6727,-0.1321,-0.1248,-0.5221,0.3665,-0.2504,0.4259,0.4515,0.3459,-0.3806,0.176,0.486,0.275,0,0,0,0,1.0,0.36,-0.36,-1.0
semantic_v3_q0418,comfort_zone,"Stability, safety and familiar patterns",-0.4507,0.2734,0.0233,-0.1666,-0.2,0.4864,-0.2304,-0.7371,-0.0572,0.1351,0.263,0.398,0.306,1,1,0,0,1.0,0.36,-0.36,-1.0
semantic_v3_q0419,digital_nature_tension,Digital life versus natural grounding,0.3004,-0.0108,-0.0393,0.1019,-0.0124,-0.0657,-0.0007,0.1806,1.1709,0.1223,0.156,0.331,0.212,0,0,0,0,1.0,0.36,-0.36,-1.0
semantic_v3_q0420,identity_mask,"Self-presentation, masking and private core",0.0648,0.5884,0.3,-0.1158,0.1108,0.2488,0.1309,0.2659,-0.0153,-0.0999,0.526,0.422,0.493,1,1,1,0,1.0,0.36,-0.36,-1.0
semantic_v3_q0421,risk_discovery,Curiosity vs security under uncertainty,0.717,0.0986,0.181,-0.0315,0.236,-0.3381,-0.0061,0.5767,-0.0296,-0.1092,0.228,0.392,0.28,0,0,0,0,1.0,0.36,-0.36,-1.0
semantic_v3_q0422,emotional_exposure,Emotional openness and disclosure,-0.1653,1.0433,0.2735,-0.2884,0.1108,0.1584,0.4438,0.1365,-0.1207,-0.0515,0.959,0.871,0.931,0,1,0,1,1.0,0.36,-0.36,-1.0
semantic_v3_q0423,belonging_autonomy,"Belonging, independence, social alignment",-0.0481,0.1832,1.0934,-0.0292,-0.0217,0.2072,0.1179,-0.1319,0.0031,0.086,0.483,0.302,0.425,0,0,1,1,1.0,0.36,-0.36,-1.0
semantic_v3_q0424,act_or_observe,Action versus observation,0.1363,0.035,-0.019,0.7757,0.242,0.0036,-0.1832,0.2128,-0.0675,0.1185,0.216,0.312,0.247,0,0,0,0,1.0,0.36,-0.36,-1.0
semantic_v3_q0425,future_orientation,Future planning and long-range identity,0.3541,-0.0291,-0.0143,0.0831,1.0827,0.4085,0.3951,0.2699,0.189,0.1997,0.287,0.334,0.302,0,0,0,0,1.0,0.36,-0.36,-1.0
semantic_v3_q0426,control_spontaneity,"Control, planning, certainty",-0.0338,0.0884,0.2028,-0.0484,0.198,0.8209,-0.0201,-0.3783,-0.1484,0.1574,0.237,0.315,0.262,0,1,0,0,1.0,0.36,-0.36,-1.0
semantic_v3_q0427,values_idealism,Pragmatism versus ideals,0.1026,0.194,0.0433,0.0441,0.1147,0.0533,1.0982,0.1928,-0.2588,-0.0639,0.42,0.249,0.365,0,0,0,0,1.0,0.36,-0.36,-1.0
semantic_v3_q0428,change_stability,Transformation versus stability,0.1817,-0.0704,-0.0625,0.108,0.224,-0.2841,0.2383,1.0147,0.1859,-0.0284,0.144,0.087,0.126,0,0,0,0,1.0,0.36,-0.36,-1.0
semantic_v3_q0429,nature_technology,"Nature, technology and attention direction",-0.0183,-0.1733,0.0594,-0.0124,0.0953,0.1313,-0.0597,-0.1471,0.9762,0.2958,0.476,0.235,0.399,0,0,0,1,1.0,0.36,-0.36,-1.0
semantic_v3_q0430,creator_builder,Ideas versus execution,0.3216,-0.1257,0.0007,0.2639,0.3583,0.3711,0.1687,-0.0153,0.2562,0.8775,0.386,0.31,0.362,0,0,0,0,1.0,0.36,-0.36,-1.0
semantic_v3_q0431,taboo_private,Private self-disclosure,0.0509,0.7706,0.0602,-0.2461,0.0614,0.356,0.3818,0.2552,-0.1088,-0.1518,0.719,0.665,0.702,0,1,1,1,1.0,0.36,-0.36,-1.0
semantic_v3_q0432,contradiction_probe,Conflict between declared and behavioral identity,0.2302,0.5502,-0.0017,0.1792,0.1747,0.0871,0.2597,0.3737,0.0557,0.1032,0.45,0.134,0.349,1,0,1,0,1.0,0.36,-0.36,-1.0
semantic_v3_q0433,relationship_boundaries,"Trust, intimacy and personal boundaries",0.0044,0.6401,0.6036,-0.1912,0.2243,0.5596,0.1666,-0.051,-0.237,0.0081,0.696,0.488,0.629,0,0,1,1,1.0,0.36,-0.36,-1.0
semantic_v3_q0434,solitude_social_energy,"Solitude, belonging and social recovery",-0.0486,0.2719,0.6709,-0.2876,-0.0086,0.2733,0.1731,-0.1713,0.0888,-0.0888,0.488,0.44,0.473,0,0,0,1,1.0,0.36,-0.36,-1.0
semantic_v3_q0435,execution_pressure,"Pressure, performance and follow-through",0.0068,-0.3523,-0.1081,0.9143,0.5206,0.5951,-0.3605,-0.1967,0.1815,0.8375,0.464,0.374,0.435,0,0,0,0,1.0,0.36,-0.36,-1.0
semantic_v3_q0436,moral_choice,Ethical tension and ideal/practical tradeoff,0.1431,0.3689,0.0381,0.1468,0.4351,-0.0847,0.803,0.2614,-0.0918,0.197,0.384,0.207,0.327,0,0,0,0,1.0,0.36,-0.36,-1.0
semantic_v3_q0437,attention_style,"Attention, novelty and depth",0.6642,-0.0451,-0.157,-0.4543,0.4296,-0.075,0.1025,0.4761,0.3358,-0.3722,0.341,0.15,0.28,1,0,0,0,1.0,0.36,-0.36,-1.0
semantic_v3_q0438,comfort_zone,"Stability, safety and familiar patterns",-0.9419,-0.0031,0.2767,-0.3258,-0.3795,0.6525,-0.136,-0.8021,-0.2226,0.3507,0.291,0.167,0.251,0,1,0,0,1.0,0.36,-0.36,-1.0
semantic_v3_q0439,digital_nature_tension,Digital life versus natural grounding,0.2565,0.0156,-0.0235,0.1185,0.3066,0.1703,0.2602,0.2269,0.7778,0.2515,0.198,0.173,0.19,0,0,0,0,1.0,0.36,-0.36,-1.0
semantic_v3_q0440,identity_mask,"Self-presentation, masking and private core",0.1823,0.209,0.3091,-0.2705,0.1277,0.1047,0.2444,0.159,0.0415,-0.0875,0.314,1,0.534,1,1,1,0,1.0,0.36,-0.36,-1.0
semantic_v3_q0441,risk_discovery,Curiosity vs security under uncertainty,1.0396,0.0341,-0.0644,0.2516,0.4881,-0.4865,-0.0126,0.7619,-0.0508,-0.2032,0.4,0.385,0.395,0,0,0,0,1.0,0.36,-0.36,-1.0
semantic_v3_q0442,emotional_exposure,Emotional openness and disclosure,-0.0867,0.9938,0.3131,-0.1695,-0.0457,-0.1543,0.366,0.2396,-0.2715,-0.3234,0.833,0.813,0.827,0,1,0,1,1.0,0.36,-0.36,-1.0
semantic_v3_q0443,belonging_autonomy,"Belonging, independence, social alignment",0.0452,0.349,0.7574,-0.1076,-0.0087,0.1145,0.3513,-0.0159,-0.0821,0.0933,0.299,0.131,0.245,0,0,1,1,1.0,0.36,-0.36,-1.0
semantic_v3_q0444,act_or_observe,Action versus observation,0.0301,-0.0951,0.0779,0.9416,0.216,0.1074,-0.1582,0.1148,0.038,0.2248,0.245,0.112,0.202,0,0,0,0,1.0,0.36,-0.36,-1.0
semantic_v3_q0445,future_orientation,Future planning and long-range identity,0.1531,0.1561,0.2663,0.1771,0.7671,0.5388,0.2534,0.2229,0.1753,0.2345,0.499,0.169,0.393,0,0,0,0,1.0,0.36,-0.36,-1.0
semantic_v3_q0446,control_spontaneity,"Control, planning, certainty",-0.041,-0.1948,-0.0223,0.0974,0.1917,0.7674,-0.2129,-0.3478,-0.0065,0.2983,0.291,0.362,0.314,0,1,0,0,1.0,0.36,-0.36,-1.0
semantic_v3_q0447,values_idealism,Pragmatism versus ideals,0.1342,0.2055,0.0861,0.0461,0.2098,-0.0585,0.9862,0.2095,-0.2243,-0.2392,0.529,0.245,0.438,0,0,0,0,1.0,0.36,-0.36,-1.0
semantic_v3_q0448,change_stability,Transformation versus stability,0.4405,-0.0007,0.0308,0.0671,0.3264,-0.3928,0.2639,0.9594,0.0691,-0.1398,0.225,0.283,0.244,0,0,0,0,1.0,0.36,-0.36,-1.0
semantic_v3_q0449,nature_technology,"Nature, technology and attention direction",0.1867,0.1504,0.0017,0.0324,-0.0136,0.1764,0.1799,0.0657,0.8017,0.2078,0.255,0.378,0.294,0,0,0,0,1.0,0.36,-0.36,-1.0
semantic_v3_q0450,creator_builder,Ideas versus execution,0.2055,0.1055,0.0646,0.4138,0.3606,0.1898,0.0014,0.0809,0.0081,0.6489,0.336,0.319,0.331,0,0,0,0,1.0,0.36,-0.36,-1.0
semantic_v3_q0451,taboo_private,Private self-disclosure,0.0762,0.8725,0.209,-0.0863,0.0135,0.1962,0.0689,0.0786,-0.0864,-0.1419,0.613,0.825,0.681,0,1,1,1,1.0,0.36,-0.36,-1.0
semantic_v3_q0452,contradiction_probe,Conflict between declared and behavioral identity,0.2599,0.3553,-0.1067,0.1041,0.142,0.2026,0.1963,0.3339,0.023,-0.0843,0.361,0.534,0.416,1,0,1,0,1.0,0.36,-0.36,-1.0
semantic_v3_q0453,relationship_boundaries,"Trust, intimacy and personal boundaries",-0.1231,0.8513,0.6506,-0.1936,0.3212,0.3016,0.2718,-0.1918,-0.3802,-0.0555,0.75,0.763,0.754,0,0,1,1,1.0,0.36,-0.36,-1.0
semantic_v3_q0454,solitude_social_energy,"Solitude, belonging and social recovery",0.0026,0.5396,0.8745,-0.3074,-0.1359,0.2753,0.2237,-0.1096,-0.0815,-0.2585,0.523,0.189,0.416,0,0,0,1,1.0,0.36,-0.36,-1.0
semantic_v3_q0455,execution_pressure,"Pressure, performance and follow-through",0.1012,-0.3965,-0.361,0.8777,0.2301,0.5747,-0.3395,-0.0533,0.2263,0.9022,0.489,0.366,0.45,0,0,0,1,1.0,0.36,-0.36,-1.0
semantic_v3_q0456,moral_choice,Ethical tension and ideal/practical tradeoff,0.0855,0.1771,0.0575,0.0543,0.2748,0.1983,0.9843,0.1276,-0.1338,0.0697,0.395,0.429,0.406,1,0,0,0,1.0,0.36,-0.36,-1.0
semantic_v3_q0457,attention_style,"Attention, novelty and depth",0.5709,0.1035,-0.0098,-0.4647,0.5468,-0.1703,0.1939,0.5567,0.3392,-0.5107,0.385,0.05,0.278,0,0,0,0,1.0,0.36,-0.36,-1.0
semantic_v3_q0458,comfort_zone,"Stability, safety and familiar patterns",-0.3991,-0.0708,0.1116,-0.2693,-0.2126,0.5947,-0.0417,-0.4732,-0.2991,0.0614,0.164,0.391,0.237,0,1,0,0,1.0,0.36,-0.36,-1.0
semantic_v3_q0459,digital_nature_tension,Digital life versus natural grounding,0.0089,0.1059,0.1103,-0.0817,0.2939,-0.0376,-0.0196,0.2233,1.0373,0.1301,0.207,0.192,0.202,0,0,0,0,1.0,0.36,-0.36,-1.0
semantic_v3_q0460,identity_mask,"Self-presentation, masking and private core",0.2455,0.5425,0.2157,-0.1701,0.0788,-0.0367,0.2495,0.2274,-0.0539,-0.1689,0.669,0.551,0.631,1,1,1,0,1.0,0.36,-0.36,-1.0
semantic_v3_q0461,risk_discovery,Curiosity vs security under uncertainty,0.923,-0.1031,-0.1444,0.0479,0.4735,-0.5487,0.1077,0.4942,0.036,0.0852,0.185,0.262,0.21,0,0,0,0,1.0,0.36,-0.36,-1.0
semantic_v3_q0462,emotional_exposure,Emotional openness and disclosure,-0.007,0.8962,0.2377,0.0313,-0.0218,0.0503,0.3646,0.0996,-0.23,0.0456,0.901,0.836,0.88,0,1,0,1,1.0,0.36,-0.36,-1.0
semantic_v3_q0463,belonging_autonomy,"Belonging, independence, social alignment",0.2578,-0.0153,1.1258,-0.1742,0.1851,0.0697,0.066,-0.1151,0.0161,0.0056,0.373,0.164,0.306,0,0,1,1,1.0,0.36,-0.36,-1.0
semantic_v3_q0464,act_or_observe,Action versus observation,0.1154,-0.0193,0.0852,1.0511,0.2196,-0.1254,0.0943,0.1739,-0.142,0.1948,0.269,0.183,0.241,0,0,0,0,1.0,0.36,-0.36,-1.0
semantic_v3_q0465,future_orientation,Future planning and long-range identity,0.2009,0.0067,-0.0589,0.0657,0.9696,0.3024,0.3494,0.18,0.1479,0.1829,0.383,0.365,0.377,0,0,0,0,1.0,0.36,-0.36,-1.0
semantic_v3_q0466,control_spontaneity,"Control, planning, certainty",-0.0969,-0.0399,-0.0766,0.1121,0.2397,0.9418,-0.2596,-0.3454,0.0546,0.1513,0.198,0.274,0.222,0,1,0,0,1.0,0.36,-0.36,-1.0
semantic_v3_q0467,values_idealism,Pragmatism versus ideals,0.2254,0.316,0.0778,0.0581,0.1486,-0.038,0.8588,0.2967,-0.1687,-0.0665,0.468,0.237,0.394,0,0,0,0,1.0,0.36,-0.36,-1.0
semantic_v3_q0468,change_stability,Transformation versus stability,0.4502,-0.0837,0.0097,0.0946,0.3186,-0.3814,0.1766,0.7542,0.177,-0.1633,0.405,0.366,0.393,0,0,0,1,1.0,0.36,-0.36,-1.0
semantic_v3_q0469,nature_technology,"Nature, technology and attention direction",-0.1101,-0.1092,0.1021,0.0833,0.2407,-0.009,-0.0417,0.0585,1.0705,0.202,0.246,0.05,0.183,0,0,0,0,1.0,0.36,-0.36,-1.0
semantic_v3_q0470,creator_builder,Ideas versus execution,0.2602,-0.011,0.1241,0.19,0.362,0.2774,0.1027,0.0846,0.2001,0.902,0.096,0.266,0.15,0,0,0,0,1.0,0.36,-0.36,-1.0
semantic_v3_q0471,taboo_private,Private self-disclosure,0.2014,0.4829,0.2481,0.0411,0.2668,0.191,0.2922,0.2312,0.1513,-0.0707,0.502,0.913,0.634,0,1,1,1,1.0,0.36,-0.36,-1.0
semantic_v3_q0472,contradiction_probe,Conflict between declared and behavioral identity,0.0872,0.4468,-0.1358,0.127,0.3368,0.1632,0.1659,0.2291,-0.0718,0.0525,0.449,0.52,0.472,1,0,1,0,1.0,0.36,-0.36,-1.0
semantic_v3_q0473,relationship_boundaries,"Trust, intimacy and personal boundaries",-0.1931,0.6056,0.5742,0.0625,0.2271,0.3982,0.1291,-0.214,-0.0777,0.0146,0.452,0.74,0.544,0,0,1,1,1.0,0.36,-0.36,-1.0
semantic_v3_q0474,solitude_social_energy,"Solitude, belonging and social recovery",0.145,0.1376,0.4736,-0.3704,-0.0369,0.2064,0.1202,-0.1468,0.0356,-0.1598,0.18,0.49,0.279,0,0,0,1,1.0,0.36,-0.36,-1.0
semantic_v3_q0475,execution_pressure,"Pressure, performance and follow-through",-0.0792,-0.3058,-0.0053,0.7122,0.2179,0.4462,-0.2665,-0.0157,0.2335,0.8595,0.322,0.422,0.354,1,0,0,0,1.0,0.36,-0.36,-1.0
semantic_v3_q0476,moral_choice,Ethical tension and ideal/practical tradeoff,0.13,0.3617,0.2163,0.2768,0.1629,0.0688,1.1489,-0.0567,-0.1732,0.2317,0.546,0.21,0.438,0,0,0,0,1.0,0.36,-0.36,-1.0
semantic_v3_q0477,attention_style,"Attention, novelty and depth",0.6201,0.1554,0.0616,-0.3473,0.3317,-0.0813,0.2886,0.3216,0.263,-0.1863,0.363,0.28,0.336,0,0,0,0,1.0,0.36,-0.36,-1.0
semantic_v3_q0478,comfort_zone,"Stability, safety and familiar patterns",-0.8063,0.1049,0.1672,-0.2043,-0.4034,0.5527,-0.1758,-1.0418,-0.196,0.2037,0.186,0.429,0.264,0,1,0,0,1.0,0.36,-0.36,-1.0
semantic_v3_q0479,digital_nature_tension,Digital life versus natural grounding,0.0425,-0.0809,0.2744,-0.0843,0.2858,0.1659,0.0194,-0.0066,0.7879,0.0838,0.298,0.431,0.341,0,0,0,0,1.0,0.36,-0.36,-1.0
semantic_v3_q0480,identity_mask,"Self-presentation, masking and private core",0.1553,0.3607,0.3323,0.0155,0.0357,0.4409,0.1923,0.1177,-0.0206,-0.0036,0.492,0.599,0.526,1,1,1,0,1.0,0.36,-0.36,-1.0
semantic_v3_q0481,risk_discovery,Curiosity vs security under uncertainty,1.1238,-0.0742,0.0875,0.1739,0.5732,-0.4652,0.0503,0.6754,-0.1186,0.0267,0.247,0.133,0.211,0,0,0,1,1.0,0.36,-0.36,-1.0
semantic_v3_q0482,emotional_exposure,Emotional openness and disclosure,0.0472,0.8567,0.3268,-0.2379,0.0428,0.0022,0.3742,0.0224,-0.1934,-0.0744,0.651,0.449,0.586,0,1,0,1,1.0,0.36,-0.36,-1.0
semantic_v3_q0483,belonging_autonomy,"Belonging, independence, social alignment",0.115,0.2658,0.9145,0.0632,-0.0198,0.3783,0.0676,-0.2102,-0.1411,-0.1433,0.334,0.05,0.243,0,0,1,1,1.0,0.36,-0.36,-1.0
semantic_v3_q0484,act_or_observe,Action versus observation,0.0311,0.0328,0.2885,0.8343,0.1561,-0.0967,0.2428,-0.0748,-0.1032,0.2029,0.21,0.517,0.308,0,0,0,0,1.0,0.36,-0.36,-1.0
semantic_v3_q0485,future_orientation,Future planning and long-range identity,0.2513,0.0811,0.1561,0.1039,0.8116,0.25,0.1585,0.2179,0.2312,0.2894,0.455,0.417,0.443,0,0,0,0,1.0,0.36,-0.36,-1.0
semantic_v3_q0486,control_spontaneity,"Control, planning, certainty",-0.1306,0.0066,0.1415,0.0171,0.1012,1.1511,-0.1339,-0.4063,-0.0152,0.1263,0.403,0.311,0.374,0,1,0,0,1.0,0.36,-0.36,-1.0
semantic_v3_q0487,values_idealism,Pragmatism versus ideals,0.2107,0.1175,0.025,-0.1001,0.0157,0.1123,0.9177,0.2353,-0.3222,-0.2066,0.432,0.105,0.327,0,0,0,0,1.0,0.36,-0.36,-1.0
semantic_v3_q0488,change_stability,Transformation versus stability,0.2731,-0.0104,0.1634,0.0004,0.2706,-0.3917,0.2948,1.0186,0.1418,-0.0203,0.355,0.201,0.306,0,0,0,0,1.0,0.36,-0.36,-1.0
semantic_v3_q0489,nature_technology,"Nature, technology and attention direction",0.065,-0.2369,-0.0389,-0.0936,0.1557,-0.0548,-0.0648,0.0327,1.0533,0.2969,0.476,0.45,0.468,0,0,0,0,1.0,0.36,-0.36,-1.0
semantic_v3_q0490,creator_builder,Ideas versus execution,0.091,-0.1086,0.1454,0.1244,0.4956,0.0584,0.1636,0.0999,0.0919,0.8028,0.423,0.215,0.356,0,0,0,0,1.0,0.36,-0.36,-1.0
semantic_v3_q0491,taboo_private,Private self-disclosure,0.1781,0.7276,0.1839,-0.0504,-0.0135,0.4271,0.1978,0.2173,-0.0286,-0.0403,0.481,0.76,0.57,0,1,1,1,1.0,0.36,-0.36,-1.0
semantic_v3_q0492,contradiction_probe,Conflict between declared and behavioral identity,0.1142,0.4121,-0.0188,0.0311,0.2295,0.3292,0.3642,0.3876,0.0721,-0.0441,0.476,0.415,0.456,1,0,1,0,1.0,0.36,-0.36,-1.0
semantic_v3_q0493,relationship_boundaries,"Trust, intimacy and personal boundaries",-0.0348,0.6836,0.7044,-0.0159,0.2672,0.2933,0.399,-0.2226,-0.1575,0.0851,0.493,0.76,0.578,0,0,1,1,1.0,0.36,-0.36,-1.0
semantic_v3_q0494,solitude_social_energy,"Solitude, belonging and social recovery",0.0484,0.1477,0.7154,-0.3669,0.0849,0.2748,0.0269,-0.1552,0.0155,-0.1107,0.178,0.441,0.262,1,0,0,1,1.0,0.36,-0.36,-1.0
semantic_v3_q0495,execution_pressure,"Pressure, performance and follow-through",-0.0186,-0.4791,-0.2506,0.842,0.3947,0.6283,-0.3863,-0.2008,0.3172,0.749,0.659,0.529,0.617,0,0,0,0,1.0,0.36,-0.36,-1.0
semantic_v3_q0496,moral_choice,Ethical tension and ideal/practical tradeoff,0.0231,0.3527,0.2024,0.1054,0.2463,0.1827,0.8719,-0.0167,-0.1456,0.1488,0.294,0.338,0.308,0,0,0,0,1.0,0.36,-0.36,-1.0
semantic_v3_q0497,attention_style,"Attention, novelty and depth",0.7058,-0.1249,-0.1075,-0.4789,0.3483,-0.1973,0.1864,0.3804,0.1382,-0.2461,0.354,0.578,0.426,0,0,0,0,1.0,0.36,-0.36,-1.0
semantic_v3_q0498,comfort_zone,"Stability, safety and familiar patterns",-0.5477,0.08,0.2922,-0.1551,-0.2131,0.5486,-0.0574,-0.8447,-0.0944,0.2533,0.394,0.211,0.335,0,1,0,0,1.0,0.36,-0.36,-1.0
semantic_v3_q0499,digital_nature_tension,Digital life versus natural grounding,0.1123,-0.0565,-0.2216,-0.0456,0.0834,0.0134,-0.1694,0.1911,0.8993,0.3526,0.13,0.175,0.144,0,0,0,0,1.0,0.36,-0.36,-1.0
semantic_v3_q0500,identity_mask,"Self-presentation, masking and private core",0.1444,0.4566,0.1943,0.0234,0.133,0.0146,0.342,0.3161,-0.0968,-0.0721,0.631,0.469,0.579,1,1,1,0,1.0,0.36,-0.36,-1.0
