id;version;content_type;rarity_tier;rarity_score;category;darkness_level;intimacy_level;psychological_intensity;prompt_pl;answer_type;answer_options_pl;axis_target;axis_delta_json;hidden_signal;reward_after_answer_pl;verification_type;moderation_level;paywall_weight;notes;reward_type;reward_intensity;community_reveal_type;profile_reveal_type;unlock_type;next_hook_pl;community_stat_seed_json;reward_sequence_json;sample_reward_screen_pl;prompt_en;answer_options_en;next_hook_en;reward_en;profile_fragment_en;archetype_hint_en;card_path;theme_category
TO99-P001;premium;secret;rare;45;shadow;3;4;7;Którą część swojej osobowości pokazujesz tylko wtedy, gdy czujesz się bezpiecznie?;open;Kontrolę | Wrażliwość | Ambicję | Wątpliwości;emotion;{"emotion": 4, "connection": 2};shadow_layer;Warstwa cienia aktywna.;none;low;0.6;premium shadow;profile_fragment;medium;none;hidden;answer_count;Następne pytanie zbliży się do kolejnej warstwy.;{"primary_percent": 38, "secondary_percent": 29};;;Which part of your personality do you only show when you feel safe?;Control | Vulnerability | Ambition | Doubt;The next question moves toward another layer.;A hidden layer just opened.;You show a controlled face to the world, but there is more.;The Mirror;Shadow Question;identity
TO99-P002;premium;question;rare;52;control;2;3;6;Czy wolałbyś być niezrozumiany czy zależny?;binary;Niezrozumiany | Zależny;independence;{"independence": 5, "connection": -2};autonomy_signal;Sygnał autonomii zarejestrowany.;none;low;0.7;premium control gate;profile_fragment;medium;none;hidden;answer_count;System zapisał Twoją odpowiedź.;{"primary_percent": 54, "secondary_percent": 46};;;Would you rather be misunderstood or dependent?;Misunderstood | Dependent;The system recorded your preference.;Independence signal registered.;You protect autonomy even at the cost of being seen.;The Rebel;Control Gate;autonomy
TO99-P003;premium;question;epic;72;memory;3;5;8;Jakie jest ostatnie wspomnienie, które wciąż zmienia sposób, w jaki podejmujesz decyzje?;open;Utrata | Sukces | Zdrada | Odkrycie;emotion;{"emotion": 5, "security": 3};deep_memory;Głęboka warstwa pamięci otwarta.;none;medium;0.8;premium memory trace;profile_fragment;high;none;hidden;answer_count;Ślad pamięci zarejestrowany.;{"primary_percent": 31, "secondary_percent": 24};;;What is the last memory that still changes how you make decisions?;Loss | Success | Betrayal | Discovery;A memory trace was registered.;This memory is shaping your current pattern.;Your decisions carry the weight of a specific past event.;The Observer;Memory Trace;depth
TO99-P004;premium;question;epic;78;future;2;4;7;Którą wersję siebie najczęściej unikasz wyobrażać sobie?;open;Kogoś słabszego | Kogoś samotnego | Kogoś, który się poddał | Kogoś, kto poszedł na kompromis;security;{"security": -3, "change": 4};future_avoidance;Wzorzec unikania przyszłości zarejestrowany.;none;medium;0.8;premium future self;profile_fragment;high;none;hidden;answer_count;Widzenie przyszłości wymaga najpierw nazwania strachu.;{"primary_percent": 27, "secondary_percent": 22};;;Which version of yourself do you most avoid imagining?;Someone weaker | Someone alone | Someone who gave up | Someone who compromised;Naming the avoided future is the first step.;A future-avoidance pattern was registered.;You protect yourself by not looking at certain possible futures.;The Seeker;Future Self;depth
TO99-P005;premium;question;legendary;94;threshold;4;5;9;Czy istnieje prawda, którą nosisz w sobie prywatnie, a która — gdyby została wypowiedziana — zmieniłaby to, jak ktoś Cię widzi?;binary;Tak | Nie;emotion;{"emotion": 6, "independence": 3};private_truth;Prywatna prawda zarejestrowana.;none;high;0.9;premium threshold;profile_fragment;very_high;none;hidden;answer_count;Nienazwane prawdy kształtują profil mocniej niż wypowiedziane.;{"primary_percent": 62, "secondary_percent": 38};;;Is there a truth you hold privately that, if spoken, would change how someone sees you?;Yes | No;Unnamed truths shape the profile more than spoken ones.;A private truth signal was registered.;You carry something that remains unsaid for a reason.;The Rebel;Threshold Card;identity
TO99-P006;premium;game;standard;22;object;2;3;5;Wybierz przedmiot, który prowadziłby Cię przez nieznane terytorium.;choice;Kompas | Latarnia | Mapa;curiosity;{"curiosity": 3, "security": 1};navigation_style;Styl nawigacji zidentyfikowany.;none;low;0.4;premium object choice;community_reveal;low;none;hidden;answer_count;Wybór narzędzia ujawnia Twój stosunek do niepewności.;{"primary_percent": 44, "secondary_percent": 31};;;Choose the object that would guide you through an unknown territory.;Compass | Lantern | Map;The tool you choose reveals your relationship with uncertainty.;Navigation style identified.;Your choice of tool reflects how you handle the unknown.;The Explorer;Object Choice;exploration
TO99-P007;premium;riddle;rare;48;pattern;3;4;7;Co rośnie cięższym im dłużej pozostaje nienazwane?;choice;Żal | Cisza | Oczekiwanie;emotion;{"emotion": 4, "security": -2};unspoken_weight;Nienazwany ciężar zarejestrowany.;none;low;0.6;premium pattern break;profile_fragment;medium;none;hidden;answer_count;Nazwanie tego jest aktem.;{"primary_percent": 35, "secondary_percent": 28};;;What grows heavier the longer it stays unnamed?;Regret | Silence | Expectation;Naming it is itself an act.;An unspoken weight pattern was registered.;You recognized what accumulates when left in silence.;The Mirror;Pattern Break;depth
TO99-P008;premium;secret;epic;75;shadow;4;5;8;Czego chcesz, ale nie możesz sobie przyznać, że chcesz?;open;Uznania | Zemsty | Spokoju | Wpływu;independence;{"independence": 4, "emotion": 3};hidden_desire;Ukryte pragnienie zarejestrowane.;none;medium;0.8;premium shadow;profile_fragment;high;none;hidden;answer_count;To, czego nie można wypowiedzieć głośno, ma największą siłę.;{"primary_percent": 29, "secondary_percent": 23};;;What do you want but cannot admit to wanting?;Recognition | Revenge | Peace | Influence;What cannot be said aloud holds the most power.;A hidden desire pattern was registered.;Your unexpressed wants are shaping your choices.;The Alchemist;Shadow Question;shadow
TO99-P009;premium;question;rare;55;control;2;3;6;Kiedy ostatnio zrobiłeś coś, co cię zaskoczyło?;open;Tydzień temu | Miesiąc temu | Rok temu | Nie pamiętam;change;{"change": 4, "security": -2};self_surprise;Wzorzec zaskoczenia siebie zarejestrowany.;none;low;0.6;premium control gate;profile_fragment;medium;none;hidden;answer_count;Zdolność do zaskoczenia siebie mierzy elastyczność wzorca.;{"primary_percent": 41, "secondary_percent": 33};;;When was the last time you did something that surprised yourself?;Last week | Last month | A year ago | I don't remember;The ability to surprise yourself measures pattern flexibility.;Self-surprise pattern registered.;Your capacity for self-surprise reveals how fixed your pattern is.;The Catalyst;Control Gate;flexibility
TO99-P010;premium;question;standard;28;social;1;2;4;Kiedy czujesz się bardziej sobą — sam czy z innymi?;binary;Sam | Z innymi;independence;{"independence": 3, "connection": -1};social_self;Preferencja środowiska społecznego zarejestrowana.;none;low;0.3;premium social mirror;community_reveal;low;none;hidden;answer_count;Środowisko aktywujące autentyczność jest kluczowym sygnałem.;{"primary_percent": 57, "secondary_percent": 43};;;When do you feel more like yourself — alone or with others?;Alone | With others;The environment that activates authenticity is a key signal.;Social self preference registered.;Your authentic self has a preferred environment.;The Explorer;Social Mirror;identity
TO99-P011;premium;secret;legendary;91;threshold;5;5;9;Powiedz mi coś, czego się wstydzisz, ale za co teraz rozumiesz dlaczego to zrobiłeś.;open;Napisz lub wybierz: Kłamstwo | Zdrada | Ucieczka | Milczenie;emotion;{"emotion": 7, "security": 2};shame_understanding;Przetwarzanie wstydu zarejestrowane.;none;high;1.0;premium threshold legendary;profile_fragment;very_high;none;hidden;answer_count;Wstyd, który rozumiesz, jest inny niż ten, który nosisz.;{"primary_percent": 41, "secondary_percent": 29};;;Tell me something you are ashamed of but now understand why you did it.;A lie | A betrayal | A retreat | A silence;Shame you understand is different from shame you carry.;Shame processing pattern registered.;You can hold complexity around your own past actions.;The Alchemist;Threshold Card;shadow
TO99-P012;premium;question;rare;58;future;2;4;6;Gdybyś mógł coś wiedzieć o swojej przyszłości, co by to było?;open;Wynik | Uczucie | Relacja | Nic — nie chcę wiedzieć;security;{"security": -3, "curiosity": 4};future_orientation;Orientacja przyszłościowa zarejestrowana.;none;low;0.6;premium future self;profile_fragment;medium;none;hidden;answer_count;To, co chcesz wiedzieć o przyszłości, ujawnia to, czego się boisz.;{"primary_percent": 26, "secondary_percent": 22};;;If you could know one thing about your future, what would it be?;The outcome | The feeling | The relationship | Nothing — I don't want to know;What you want to know about your future reveals what you fear.;Future orientation pattern registered.;Your question about the future reveals your current anxiety.;The Seeker;Future Self;depth
TO99-P013;premium;question;epic;82;shadow;4;4;8;Co robisz, kiedy chcesz, żeby ktoś się oddalił, ale nie chcesz tego powiedzieć wprost?;open;Dystansowanie się | Bycie zajętym | Chłód | Nic nie robię;independence;{"independence": 5, "connection": -3};avoidant_pattern;Wzorzec unikania zarejestrowany.;none;medium;0.8;premium shadow;profile_fragment;high;none;hidden;answer_count;Sposób, w jaki tworzysz dystans, jest sygnałem przywiązania.;{"primary_percent": 33, "secondary_percent": 27};;;What do you do when you want someone to move away but don't want to say it directly?;Pull back | Get busy | Become cold | Nothing — I don't act;How you create distance is an attachment signal.;Avoidant pattern registered.;Your indirect distance strategies reveal your attachment style.;The Mirror;Shadow Question;attachment
TO99-P014;premium;game;rare;43;object;2;3;5;Twój dom spłonie. Możesz uratować jeden niematerialny przedmiot — jakim jest uczucie?;choice;Poczucie bezpieczeństwa | Poczucie tożsamości | Poczucie przynależności | Poczucie celu;security;{"security": 4, "emotion": 2};core_need;Podstawowa potrzeba zidentyfikowana.;none;low;0.5;premium object choice;profile_fragment;medium;none;hidden;answer_count;To, co ratujesz, ujawnia Twoją hierarchię potrzeb.;{"primary_percent": 38, "secondary_percent": 29};;;Your house is burning. You can save one intangible thing — which feeling is it?;Safety | Identity | Belonging | Purpose;What you save reveals your need hierarchy.;Core need identified.;Your rescue choice reveals what you cannot live without.;The Guardian;Object Choice;values
TO99-P015;premium;riddle;epic;77;pattern;4;4;8;Czym jest coś, co masz, dopóki o tym nie myślisz?;choice;Spokój | Pewność siebie | Kontrola | Szczęście;security;{"security": 3, "emotion": -2};metacognitive_signal;Sygnał metapoznawczy zarejestrowany.;none;low;0.7;premium pattern break;profile_fragment;high;none;hidden;answer_count;Pytanie o metaświadomość aktywuje inną warstwę profilu.;{"primary_percent": 31, "secondary_percent": 26};;;What is something you have until you think about it?;Peace | Confidence | Control | Happiness;The question about meta-awareness activates another profile layer.;A metacognitive signal was registered.;Your answer reveals what you hold by not holding.;The Observer;Pattern Break;awareness
TO99-P016;premium;secret;rare;49;shadow;3;4;7;Jakiej wersji siebie żałujesz, że za mało jej słuchałeś?;open;Młodszego siebie | Siebie sprzed kryzysu | Siebie z intuicją | Siebie mniej pewnego;change;{"change": 3, "emotion": 4};regret_signal;Sygnał żalu zarejestrowany.;none;low;0.6;premium shadow;profile_fragment;medium;none;hidden;answer_count;Żal jest formą wyraźnego widzenia wstecznego.;{"primary_percent": 36, "secondary_percent": 28};;;Which version of yourself do you regret not listening to more?;Younger self | Pre-crisis self | The self with intuition | The less certain self;Regret is a form of clear backward vision.;A regret signal was registered.;You can name the version of yourself you abandoned.;The Seeker;Shadow Question;identity
TO99-P017;premium;question;standard;19;social;1;2;3;Czy masz skłonność do zbyt szybkiego przebaczania czy zbyt wolnego?;binary;Zbyt szybko | Zbyt wolno;emotion;{"emotion": 2, "connection": 2};forgiveness_pattern;Wzorzec przebaczania zarejestrowany.;none;low;0.3;premium social mirror;community_reveal;low;none;hidden;answer_count;Tempo przebaczania ujawnia Twoją wartość relacji.;{"primary_percent": 49, "secondary_percent": 51};;;Do you tend to forgive too quickly or too slowly?;Too quickly | Too slowly;The pace of forgiveness reveals how you value relationships.;Forgiveness pattern registered.;Your forgiveness timing is a relational signal.;The Anchor;Social Mirror;attachment
TO99-P018;premium;question;epic;80;memory;4;5;8;Które wspomnienie, gdybyś je usunął, zmieniłoby to, kim jesteś?;open;Utrata | Lekcja | Trauma | Triumf;security;{"security": 4, "emotion": 5};identity_memory;Wspomnienie tożsamości zidentyfikowane.;none;medium;0.9;premium memory trace;profile_fragment;very_high;none;hidden;answer_count;Wspomnienia, które definiują tożsamość, są inaczej zakodowane.;{"primary_percent": 29, "secondary_percent": 21};;;Which memory, if removed, would change who you are?;A loss | A lesson | A trauma | A triumph;Memories that define identity are encoded differently.;An identity memory was identified.;Some memories are structural — removing them removes you.;The Pathfinder;Memory Trace;depth
TO99-P019;premium;question;rare;61;control;3;4;7;Kiedy kłamiesz, co zwykle chronisz?;open;Wizerunek | Kogoś innego | Spokój | Prawdę, która jest za skomplikowana;security;{"security": 3, "independence": 3};lying_motive;Motyw kłamstwa zidentyfikowany.;none;medium;0.7;premium control gate;profile_fragment;high;none;hidden;answer_count;To, co chronisz kłamstwem, ujawnia Twoją hierarchię wartości.;{"primary_percent": 33, "secondary_percent": 27};;;When you lie, what are you usually protecting?;Your image | Someone else | Peace | A truth that is too complex;What you protect through lying reveals your value hierarchy.;Lying motive identified.;Your lies are protection strategies for something you value.;The Guardian;Control Gate;values
TO99-P020;premium;secret;legendary;96;threshold;5;5;10;Opisz swój najciemniejszy moment bez dramatyzowania. Co naprawdę się stało?;open;Wybrałem izolację | Straciłem coś nieodwracalnie | Zachowałem się wbrew swoim wartościom | Przestałem wierzyć w coś ważnego;emotion;{"emotion": 8, "security": 3};dark_moment;Ciemny moment zarejestrowany.;none;high;1.0;premium threshold legendary;profile_fragment;very_high;none;hidden;answer_count;Zdolność do nazwania ciemnego momentu bez dramatyzacji jest rzadką cechą.;{"primary_percent": 38, "secondary_percent": 27};;;Describe your darkest moment without dramatizing it. What actually happened?;I chose isolation | I lost something irreversibly | I acted against my values | I stopped believing in something important;The ability to name a dark moment without drama is rare.;A dark moment signal was registered.;You can hold the weight of your hardest moment with clarity.;The Alchemist;Threshold Card;shadow
TO99-P021;premium;question;standard;25;social;1;2;4;Kiedy ktoś chwali Twoją pracę, jaka jest Twoja pierwsza myśl?;open;Dziękuję, to miłe | Czy to szczere? | Co chcą w zamian? | Zasłużyłem na to;security;{"security": -2, "emotion": 2};praise_reception;Wzorzec przyjmowania pochwał zarejestrowany.;none;low;0.4;premium social mirror;community_reveal;low;none;hidden;answer_count;Odpowiedź na pochwałę ujawnia zaufanie do zewnętrznych sygnałów.;{"primary_percent": 42, "secondary_percent": 31};;;When someone praises your work, what is your first thought?;Thank you, that's kind | Is it genuine? | What do they want in return? | I deserved that;Your response to praise reveals trust in external signals.;Praise reception pattern registered.;Your first response to recognition is a trust signal.;The Mirror;Social Mirror;identity
TO99-P022;premium;question;rare;44;future;2;3;6;Gdybyś wiedział, że nie możesz zawieść, czego byś się odważył?;open;Relacja | Projekt | Zmiana | Ujawnienie siebie;risk;{"risk": 5, "security": -3};risk_without_failure;Wzorzec ryzyka bez porażki zarejestrowany.;none;low;0.5;premium future self;profile_fragment;medium;none;hidden;answer_count;To, czego chcesz, gdy lęk przed porażką znika, jest Twoim prawdziwym celem.;{"primary_percent": 35, "secondary_percent": 28};;;If you knew you could not fail, what would you dare to do?;A relationship | A project | A change | Reveal yourself;What you want when the fear of failure disappears is your real goal.;A risk-without-failure pattern was registered.;What you would do without fear reveals what you actually want.;The Catalyst;Future Self;ambition
TO99-P023;premium;game;epic;73;object;3;4;7;Wybierz słowo, które opisuje to, czego szukasz w relacjach.;choice;Bezpieczeństwo | Stymulacja | Lojalność | Wolność;connection;{"connection": 4, "independence": -2};relational_need;Potrzeba relacyjna zidentyfikowana.;none;medium;0.7;premium object choice;profile_fragment;high;none;hidden;answer_count;Najważniejsza potrzeba relacyjna kształtuje każdy Twój wybór partnera.;{"primary_percent": 36, "secondary_percent": 28};;;Choose the word that describes what you seek in relationships.;Safety | Stimulation | Loyalty | Freedom;Your primary relational need shapes every partner choice.;Relational need identified.;What you need most from others is shaping your connections.;The Anchor;Object Choice;attachment
TO99-P024;premium;riddle;rare;53;pattern;3;3;6;Co jest tam, gdy wychodzisz, ale znika, gdy wchodzisz?;choice;Niepokój | Maska | Presja | Poczucie obowiązku;security;{"security": 3, "emotion": -2};context_sensitivity;Wrażliwość kontekstowa zarejestrowana.;none;low;0.6;premium pattern break;profile_fragment;medium;none;hidden;answer_count;To, co tracisz wchodząc do przestrzeni, jest sygnałem środowiskowym.;{"primary_percent": 37, "secondary_percent": 29};;;What is there when you leave but disappears when you enter?;Anxiety | A mask | Pressure | A sense of duty;What you lose when entering a space is an environmental signal.;Context sensitivity registered.;Your behavioral pattern shifts with environmental context.;The Observer;Pattern Break;awareness
TO99-P025;premium;secret;epic;79;shadow;4;5;8;Co inni widzą w Tobie, czego Ty nie chcesz widzieć?;open;Strach | Potrzebę | Słabość | Gniew;emotion;{"emotion": 5, "security": -3};blind_spot;Martwy punkt zarejestrowany.;none;medium;0.8;premium shadow;profile_fragment;high;none;hidden;answer_count;Martwe punkty są wzorcem. Ten, który wybrałeś, jest znaczący.;{"primary_percent": 31, "secondary_percent": 24};;;What do others see in you that you don't want to see?;Fear | Need | Weakness | Anger;Blind spots are patterns. The one you named is significant.;A blind spot was registered.;What others see and you avoid reveals an important gap.;The Mirror;Shadow Question;shadow
TO99-P026;premium;question;standard;21;control;1;2;3;Czy wolisz wiedzieć z wyprzedzeniem czy odkrywać na bieżąco?;binary;Wiedzieć z wyprzedzeniem | Odkrywać na bieżąco;control;{"control": 3, "curiosity": -1};planning_preference;Preferencja planowania zarejestrowana.;none;low;0.3;premium control gate;community_reveal;low;none;hidden;answer_count;Sposób, w jaki zarządzasz informacją o przyszłości, ujawnia Twój wzorzec kontroli.;{"primary_percent": 63, "secondary_percent": 37};;;Do you prefer knowing in advance or discovering as you go?;Know in advance | Discover as I go;How you manage future information reveals your control pattern.;Planning preference registered.;Your information management style is a control signal.;The Architect;Control Gate;structure
TO99-P027;premium;question;epic;76;memory;4;4;8;Kto był osobą, która zobaczyła Cię wyraźnie, zanim sam siebie zobaczyłeś?;open;Rodzic | Przyjaciel | Nieznajomy | Nikt — sam się zobaczyłem;connection;{"connection": 5, "emotion": 4};witnessed_moment;Moment bycia widzianym zarejestrowany.;none;medium;0.8;premium memory trace;profile_fragment;high;none;hidden;answer_count;Wzorzec bycia widzianym kształtuje to, czego szukasz w relacjach.;{"primary_percent": 27, "secondary_percent": 22};;;Who was the person who saw you clearly before you saw yourself?;A parent | A friend | A stranger | No one — I saw myself first;The pattern of being seen shapes what you seek in relationships.;A witnessed-self moment was registered.;Being seen by someone else is a formative relational event.;The Anchor;Memory Trace;attachment
TO99-P028;premium;riddle;legendary;93;pattern;5;4;9;Czym jest coś, co dajesz, tracąc, i odbierasz, zatrzymując?;choice;Zaufanie | Uwaga | Kontrola | Troska;connection;{"connection": 4, "independence": -3};giving_paradox;Paradoks dawania zarejestrowany.;none;medium;0.8;premium pattern break;profile_fragment;high;none;hidden;answer_count;Paradoks dawania ujawnia wzorzec relacyjny.;{"primary_percent": 33, "secondary_percent": 26};;;What is something you give by losing, and take back by keeping?;Trust | Attention | Control | Care;The paradox of giving reveals your relational pattern.;A giving paradox pattern was registered.;Your relational economics are a key behavioral signal.;The Anchor;Pattern Break;attachment
TO99-P029;premium;secret;rare;47;shadow;3;4;6;Jakiego uczucia aktywnie unikasz?;open;Zależności | Nudy | Winy | Bezsilności;security;{"security": 4, "emotion": -3};avoidance_emotion;Unikana emocja zidentyfikowana.;none;low;0.6;premium shadow;profile_fragment;medium;none;hidden;answer_count;Emocja, której unikamy, kształtuje nasze zachowanie bardziej niż ta, którą odczuwamy.;{"primary_percent": 38, "secondary_percent": 29};;;What feeling do you actively avoid?;Dependency | Boredom | Guilt | Powerlessness;The emotion we avoid shapes our behavior more than what we feel.;An avoided emotion was identified.;Avoidance of a specific feeling is a pattern driver.;The Observer;Shadow Question;shadow
TO99-P030;premium;question;rare;50;control;2;3;6;Jak długo możesz nie podejmować decyzji, zanim poczujesz niepokój?;choice;Minuty | Godziny | Dni | Tygodnie;security;{"security": -2, "control": 4};decision_urgency;Pilność decyzyjna zarejestrowana.;none;low;0.5;premium control gate;profile_fragment;medium;none;hidden;answer_count;Czas tolerancji nierozwiązanych decyzji jest kluczowym sygnałem kontroli.;{"primary_percent": 43, "secondary_percent": 31};;;How long can you sit with an undecided choice before you feel anxious?;Minutes | Hours | Days | Weeks;Tolerance time for unresolved decisions is a key control signal.;Decision urgency pattern registered.;Your decision timeline reveals your relationship with uncertainty.;The Architect;Control Gate;structure
TO99-P031;premium;question;epic;85;threshold;4;5;9;Gdybyś mógł być całkowicie uczciwy z jedną osobą przez godzinę bez konsekwencji, kogo byś wybrał i co byś powiedział?;open;Kogoś bliskiego | Kogoś, kto mnie skrzywdził | Siebie samego | Nikogo — i tak nie powiedziałbym;emotion;{"emotion": 7, "independence": 4};radical_honesty;Gotowość do radykalnej szczerości zarejestrowana.;none;high;0.9;premium threshold;profile_fragment;very_high;none;hidden;answer_count;Komu dajesz swoją szczerość ujawnia Twoją hierarchię relacyjną.;{"primary_percent": 28, "secondary_percent": 21};;;If you could be completely honest with one person for one hour with no consequences, who and what would you say?;Someone close | Someone who hurt me | Myself | No one — I still wouldn't say it;To whom you give your honesty reveals your relational hierarchy.;Radical honesty readiness registered.;The person you chose for honesty is significant data.;The Rebel;Threshold Card;identity
TO99-P032;premium;question;standard;17;social;1;2;3;Czy wyżej cenisz lojalność czy szczerość?;binary;Lojalność | Szczerość;security;{"security": 2, "emotion": 2};loyalty_truth;Hierarchia lojalności i prawdy zarejestrowana.;none;low;0.3;premium social mirror;community_reveal;low;none;hidden;answer_count;Kiedy lojalność i szczerość są w konflikcie, Twój wybór jest wzorcem.;{"primary_percent": 58, "secondary_percent": 42};;;Do you value loyalty or honesty more?;Loyalty | Honesty;When loyalty and honesty conflict, your choice is a pattern.;Loyalty vs. truth hierarchy registered.;What you protect over what you reveal is a relational signal.;The Guardian;Social Mirror;values
TO99-P033;premium;secret;epic;83;shadow;4;5;8;Co robisz, kiedy czujesz, że kogoś rozczarowujesz?;open;Kompensuję nadmiernie | Dystansuję się | Tłumaczę | Nic — po prostu żyję z tym;emotion;{"emotion": 5, "security": -3};disappointment_response;Odpowiedź na rozczarowanie zarejestrowana.;none;medium;0.8;premium shadow;profile_fragment;high;none;hidden;answer_count;Wzorzec reagowania na rozczarowanie innych ujawnia Twój stosunek do aprobaty.;{"primary_percent": 36, "secondary_percent": 27};;;What do you do when you feel like you are disappointing someone?;Overcompensate | Pull away | Explain myself | Nothing — I just live with it;How you respond to disappointing others reveals your approval pattern.;Disappointment response registered.;Your response to disappointing others is an approval signal.;The Anchor;Shadow Question;approval
TO99-P034;premium;question;rare;46;future;2;4;6;Jak wyobrażasz sobie siebie za 10 lat — z ulgą czy ze strachem?;binary;Z ulgą | Ze strachem;change;{"change": 3, "security": -2};future_tone;Ton przyszłościowy zarejestrowany.;none;low;0.5;premium future self;profile_fragment;medium;none;hidden;answer_count;Emocjonalne zabarwienie wyobraźni przyszłości jest wzorcem orientacji.;{"primary_percent": 47, "secondary_percent": 53};;;How do you imagine yourself in 10 years — with relief or with fear?;With relief | With fear;The emotional tone of future imagination is an orientation pattern.;Future tone registered.;Whether you see your future with relief or fear reveals your present tension.;The Seeker;Future Self;orientation
TO99-P035;premium;question;epic;74;memory;3;5;8;Które doświadczenie z przeszłości sprawiło, że stałeś się trudniejszy do skrzywdzenia?;open;Zdrada | Utrata | Rozczarowanie | Bycie niezrozumianym;security;{"security": 5, "emotion": -3};hardening_event;Wydarzenie hartowania zarejestrowane.;none;medium;0.8;premium memory trace;profile_fragment;high;none;hidden;answer_count;Doświadczenia, które nas hartują, kształtują nasze granice.;{"primary_percent": 32, "secondary_percent": 24};;;Which past experience made you harder to hurt?;A betrayal | A loss | A disappointment | Being misunderstood;Experiences that harden us shape our protective boundaries.;A hardening event was registered.;A specific experience built one of your current defenses.;The Guardian;Memory Trace;protection
TO99-P036;premium;game;standard;23;object;1;2;4;Wybierz kolor, który opisuje Twój obecny nastrój wewnętrzny.;choice;Głęboki błękit | Ciepła czerwień | Neutralna szarość | Aktywna zieleń;emotion;{"emotion": 3, "change": 1};mood_signal;Sygnał nastroju zarejestrowany.;none;low;0.3;premium object choice;profile_fragment;low;none;hidden;answer_count;Kolor wybrany intuicyjnie jest szybkim sygnałem stanu emocjonalnego.;{"primary_percent": 27, "secondary_percent": 24};;;Choose a color that describes your current internal mood.;Deep blue | Warm red | Neutral grey | Active green;Intuitively chosen color is a rapid emotional state signal.;A mood signal was registered.;Your color choice is a current state indicator.;The Mirror;Object Choice;emotion
TO99-P037;premium;riddle;epic;88;pattern;4;4;8;Co staje się wyraźniejsze, gdy próbujesz to ukryć?;choice;Strach | Pragnienie | Zamiar | Tożsamość;independence;{"independence": 4, "security": -2};visibility_paradox;Paradoks widoczności zarejestrowany.;none;medium;0.8;premium pattern break;profile_fragment;high;none;hidden;answer_count;To, co ukrywamy, często staje się naszym najwyraźniejszym sygnałem.;{"primary_percent": 34, "secondary_percent": 27};;;What becomes more visible the harder you try to hide it?;Fear | Desire | Intention | Identity;What we hide often becomes our clearest signal.;A visibility paradox was registered.;The thing you most want to hide becomes most apparent.;The Observer;Pattern Break;shadow
TO99-P038;premium;secret;rare;56;shadow;3;4;7;Jak reagujesz, gdy ktoś jest dla Ciebie zbyt dobry?;open;Podejrzenie | Wdzięczność | Dystans | Ulga;security;{"security": -3, "connection": -2};goodness_response;Odpowiedź na nadmierne dobro zarejestrowana.;none;low;0.6;premium shadow;profile_fragment;medium;none;hidden;answer_count;Wzorzec reagowania na nieoczekiwaną dobroć jest sygnałem zaufania.;{"primary_percent": 37, "secondary_percent": 28};;;How do you react when someone is excessively kind to you?;Suspicion | Gratitude | Distance | Relief;The pattern of responding to unexpected kindness is a trust signal.;Response to excessive kindness registered.;How you receive unexpected goodness reveals your trust baseline.;The Mirror;Shadow Question;trust
TO99-P039;premium;question;legendary;95;threshold;5;5;9;Czego nie chcesz tracić, nawet jeśli wiesz, że to Cię zatrzymuje?;open;Kontroli | Wyobrażenia o sobie | Relacji | Poczucia bezpieczeństwa;security;{"security": 6, "change": -5};attachment_block;Blokada przywiązania zarejestrowana.;none;high;1.0;premium threshold legendary;profile_fragment;very_high;none;hidden;answer_count;Rzeczy, których nie możemy puścić, ujawniają nasze prawdziwe priorytety.;{"primary_percent": 41, "secondary_percent": 33};;;What do you not want to lose even if you know it is holding you back?;Control | Self-concept | A relationship | A sense of safety;What we cannot let go of reveals our true priorities.;An attachment block was registered.;The thing holding you back is also something you treasure.;The Guardian;Threshold Card;attachment
TO99-P040;premium;question;standard;26;social;1;2;3;Kiedy milczysz w grupie, co zwykle się za tym kryje?;open;Obserwowanie | Brak zainteresowania | Zmęczenie | Ocenianie;independence;{"independence": 3, "connection": -1};silence_meaning;Znaczenie ciszy zarejestrowane.;none;low;0.3;premium social mirror;community_reveal;low;none;hidden;answer_count;To, co kryje się za ciszą, jest ważniejsze niż sama cisza.;{"primary_percent": 44, "secondary_percent": 31};;;When you go silent in a group, what is usually behind it?;Observing | Lack of interest | Fatigue | Judging;What lies behind the silence matters more than the silence itself.;The meaning of your silence was registered.;Your silence in groups is purposeful, not empty.;The Observer;Social Mirror;identity
TO99-P041;premium;question;rare;42;control;2;3;5;W ilu związkach jesteś teraz, gdzie ciężar komunikacji spoczywa głównie na Tobie?;choice;0 | 1-2 | 3-4 | Większość;connection;{"connection": -3, "emotion": 3};communication_burden;Obciążenie komunikacyjne zarejestrowane.;none;low;0.5;premium control gate;profile_fragment;medium;none;hidden;answer_count;Asymetria komunikacji ujawnia Twój wzorzec troski.;{"primary_percent": 39, "secondary_percent": 28};;;In how many relationships do you carry most of the communication weight?;0 | 1-2 | 3-4 | Most of them;Communication asymmetry reveals your care pattern.;Communication burden registered.;Who you carry in relationships reveals your relational stance.;The Anchor;Control Gate;attachment
TO99-P042;premium;secret;epic;71;shadow;4;5;8;Co robiłeś, kiedy wiedziałeś, że to złe, ale robiłeś to mimo wszystko?;open;Kłamałem | Ignorowałem | Raniłem kogoś | Trwałem w czymś za długo;emotion;{"emotion": 6, "security": -2};moral_override;Pominięcie moralne zarejestrowane.;none;medium;0.8;premium shadow;profile_fragment;high;none;hidden;answer_count;Moment, gdy wiemy i działamy wbrew wiedzy, ujawnia naszą prawdziwą hierarchię.;{"primary_percent": 35, "secondary_percent": 26};;;What did you do when you knew it was wrong but did it anyway?;I lied | I ignored | I hurt someone | I stayed too long;The moment we know and act against knowing reveals our true hierarchy.;A moral override was registered.;You have acted against your own values before — and know it.;The Alchemist;Shadow Question;shadow
TO99-P043;premium;question;standard;20;future;1;2;3;Jak reagujesz, gdy Twój plan się nie udaje?;choice;Natychmiast tworzę nowy | Analizuję co poszło nie tak | Dystansuję się | Odczuwam rozczarowanie;control;{"control": 2, "emotion": 2};plan_failure;Odpowiedź na niepowodzenie planu zarejestrowana.;none;low;0.3;premium future self;community_reveal;low;none;hidden;answer_count;Odpowiedź na niepowodzenie planu jest sygnałem adaptacyjności.;{"primary_percent": 41, "secondary_percent": 29};;;How do you respond when your plan fails?;I immediately make a new one | I analyze what went wrong | I detach | I feel disappointed;Response to plan failure is an adaptability signal.;Plan failure response registered.;Your response when plans break is a resilience signal.;The Pathfinder;Future Self;resilience
TO99-P044;premium;question;epic;81;threshold;4;5;9;Co chciałeś powiedzieć komuś, ale nigdy tego nie zrobiłeś? Nie mów czemu — powiedz co.;open;Dziękuję | Przepraszam | Odejdź | Potrzebuję Cię;emotion;{"emotion": 7, "connection": 4};unsaid_truth;Nienazwana prawda zarejestrowana.;none;high;0.9;premium threshold;profile_fragment;very_high;none;hidden;answer_count;Nienazwane rzeczy mają kształt.;{"primary_percent": 39, "secondary_percent": 28};;;What did you want to say to someone but never did? Don't say why — say what.;Thank you | I'm sorry | Leave | I need you;Unsaid things have a shape.;An unsaid truth was registered.;The thing you left unsaid is still present in your pattern.;The Alchemist;Threshold Card;attachment
TO99-P045;premium;riddle;rare;51;pattern;3;3;6;Co masz mniej po tym, jak to zachowujesz?;choice;Energia | Zaufanie | Cierpliwość | Sposobność;change;{"change": 3, "security": -2};hoarding_cost;Koszt zachowywania zarejestrowany.;none;low;0.5;premium pattern break;profile_fragment;medium;none;hidden;answer_count;To, co tracimy zachowując, jest wzorcem trzymania się.;{"primary_percent": 36, "secondary_percent": 28};;;What do you have less of after you keep it?;Energy | Trust | Patience | Opportunity;What we lose by keeping is a holding pattern.;A hoarding cost was registered.;Some things diminish through preservation.;The Observer;Pattern Break;change
TO99-P046;premium;question;rare;59;social;2;4;6;Kiedy ostatnio ktoś cię zranił i nie powiedziałeś mu o tym?;choice;W ciągu tygodnia | W ciągu miesiąca | W ciągu roku | Nigdy — zawsze mówię;emotion;{"emotion": 4, "independence": 3};hurt_silence;Wzorzec milczenia po zranieniu zarejestrowany.;none;low;0.6;premium social mirror;profile_fragment;medium;none;hidden;answer_count;To, co zatrzymujemy dla siebie po zranieniu, jest sygnałem granicy.;{"primary_percent": 44, "secondary_percent": 33};;;When was the last time someone hurt you and you didn't say anything?;Within a week | Within a month | Within a year | Never — I always say;What we keep to ourselves after being hurt is a boundary signal.;A post-hurt silence pattern was registered.;Your silence after being hurt reveals how you handle pain.;The Guardian;Social Mirror;protection
TO99-P047;premium;secret;epic;86;shadow;4;5;9;Jaką maskę nosisz najczęściej i kiedy ją zakładasz?;open;Pewności siebie | Spokoju | Siły | Szczęścia;security;{"security": 4, "emotion": -4};mask_pattern;Wzorzec maski zidentyfikowany.;none;medium;0.9;premium shadow;profile_fragment;high;none;hidden;answer_count;Maska to strategia adaptacyjna, nie kłamstwo.;{"primary_percent": 29, "secondary_percent": 22};;;What mask do you wear most often and when do you put it on?;Confidence | Calm | Strength | Happiness;A mask is an adaptive strategy, not a lie.;A mask pattern was identified.;You have identified the face you show when you need protection.;The Mirror;Shadow Question;shadow
TO99-P048;premium;question;standard;24;control;1;2;3;Wolisz posiadać mniej opcji czy więcej?;binary;Mniej opcji | Więcej opcji;control;{"control": 3, "curiosity": -1};option_preference;Preferencja liczby opcji zarejestrowana.;none;low;0.3;premium control gate;community_reveal;low;none;hidden;answer_count;Preferencja liczby opcji ujawnia tolerancję na złożoność.;{"primary_percent": 61, "secondary_percent": 39};;;Do you prefer having fewer options or more?;Fewer options | More options;Option preference reveals tolerance for complexity.;Option preference registered.;How many choices you want reveals your relationship with complexity.;The Architect;Control Gate;structure
TO99-P049;premium;question;epic;84;memory;4;5;8;Kogo w swoim życiu nigdy naprawdę nie przeprosiłeś, a powinieneś?;open;Rodzica | Przyjaciela | Siebie | Byłego partnera;emotion;{"emotion": 6, "security": -2};unresolved_apology;Niezałatwione przeprosiny zidentyfikowane.;none;medium;0.8;premium memory trace;profile_fragment;high;none;hidden;answer_count;Niezałatwione przeprosiny pozostają aktywne w naszym wzorcu.;{"primary_percent": 31, "secondary_percent": 24};;;Who in your life have you never truly apologized to but should have?;A parent | A friend | Yourself | A former partner;Unresolved apologies remain active in our pattern.;An unresolved apology was identified.;Who you owe an apology to is still affecting your behavior.;The Anchor;Memory Trace;attachment
TO99-P050;premium;question;legendary;97;threshold;5;5;10;Co Cię zatrzymuje przed byciem w pełni widzianym?;open;Strach przed oceną | Nawyk dystansu | Ochrona przeszłości | Niewiara, że ktoś to udźwignie;security;{"security": 5, "connection": -4};visibility_block;Blokada widoczności zidentyfikowana.;none;high;1.0;premium threshold legendary;profile_fragment;very_high;none;hidden;answer_count;Blokada przed byciem widzianym jest jedną z najważniejszych danych profilu.;{"primary_percent": 43, "secondary_percent": 33};;;What stops you from being fully seen?;Fear of judgment | Habit of distance | Protecting the past | Disbelief that anyone can hold it;The block to being seen is among the most important profile data.;A visibility block was identified.;Your barrier to being fully seen is a core pattern.;The Observer;Threshold Card;identity
TO99-P051;premium;question;standard;18;social;1;2;3;Ile czasu potrzebujesz, zanim poczujesz zaufanie do kogoś nowego?;choice;Natychmiast | Tygodnie | Miesiące | Lata;security;{"security": 3, "connection": -1};trust_timeline;Oś czasu zaufania zarejestrowana.;none;low;0.3;premium social mirror;community_reveal;low;none;hidden;answer_count;Oś czasu zaufania jest jednym z najważniejszych sygnałów wzorca relacyjnego.;{"primary_percent": 29, "secondary_percent": 24};;;How long does it take before you feel trust toward someone new?;Immediately | Weeks | Months | Years;Trust timeline is one of the most important relational pattern signals.;Trust timeline registered.;How quickly you trust is a fundamental relational signal.;The Guardian;Social Mirror;trust
TO99-P052;premium;secret;rare;57;shadow;3;4;7;Co natychmiast Cię odraża u innych, mimo że masz to samo w sobie?;open;Potrzeba kontroli | Lęk o aprobatę | Niecierpliwość | Egocentryzm;security;{"security": -3, "emotion": 4};shadow_projection;Projekcja cienia zarejestrowana.;none;medium;0.7;premium shadow;profile_fragment;high;none;hidden;answer_count;Projekcja cienia jest jednym z najważniejszych sygnałów w profilu.;{"primary_percent": 34, "secondary_percent": 26};;;What immediately repels you in others that you also have in yourself?;Need for control | Approval anxiety | Impatience | Egocentrism;Shadow projection is one of the most important profile signals.;Shadow projection registered.;What you reject in others is often most active in yourself.;The Alchemist;Shadow Question;shadow
TO99-P053;premium;question;epic;70;future;3;4;7;Jakie pytanie zadajesz sobie nocą, którego nie zadajesz innym?;open;Czy jestem na właściwej drodze? | Czy kocham właściwie? | Czy marnuję czas? | Czy ktokolwiek rozumie?;emotion;{"emotion": 5, "security": -2};night_question;Pytanie nocne zarejestrowane.;none;medium;0.7;premium future self;profile_fragment;high;none;hidden;answer_count;Pytania zadawane w ciszy są bliżej prawdziwego wzorca niż te zadawane na głos.;{"primary_percent": 27, "secondary_percent": 21};;;What question do you ask yourself at night that you don't ask others?;Am I on the right path? | Am I loving correctly? | Am I wasting time? | Does anyone understand?;Questions asked in silence are closer to the true pattern.;A night question was registered.;Your private questions reveal your private anxieties.;The Seeker;Future Self;depth
TO99-P054;premium;game;rare;41;object;2;3;5;Wybierz zwierzę, które najlepiej opisuje Twój styl zarządzania konfliktami.;choice;Orzeł | Lis | Jeż | Żółw;independence;{"independence": 3, "connection": -2};conflict_style;Styl konfliktu zidentyfikowany.;none;low;0.5;premium object choice;profile_fragment;medium;none;hidden;answer_count;Wybór metafory zwierzęcej ujawnia wzorzec podejścia do konfliktu.;{"primary_percent": 35, "secondary_percent": 27};;;Choose the animal that best describes your conflict management style.;Eagle | Fox | Hedgehog | Turtle;The animal metaphor choice reveals your conflict approach pattern.;Conflict style identified.;Your chosen animal reflects how you navigate conflict.;The Rebel;Object Choice;conflict
TO99-P055;premium;riddle;legendary;92;pattern;5;5;9;Co ma kształt, gdy go nie masz, i traci kształt, gdy je masz?;choice;Nadzieję | Pragnienie | Poczucie celu | Pewność siebie;change;{"change": 4, "security": -3};shapeless_gain;Wzorzec kształtu bez posiadania zarejestrowany.;none;high;0.9;premium pattern break;profile_fragment;very_high;none;hidden;answer_count;Niektóre rzeczy istnieją jako potencjał, nie realizacja.;{"primary_percent": 31, "secondary_percent": 24};;;What has shape when you don't have it and loses shape when you do?;Hope | Desire | Sense of purpose | Confidence;Some things exist as potential, not realization.;A shape-without-having pattern was registered.;What you pursue may dissolve upon arrival.;The Seeker;Pattern Break;ambition
TO99-P056;premium;question;rare;54;control;2;3;6;Czy twierdzisz, że nie zależy Ci na tym, na czym zależy Ci najbardziej?;binary;Tak, robię to | Nie, jestem bezpośredni;security;{"security": 4, "emotion": -3};care_denial;Zaprzeczanie trosce zidentyfikowane.;none;low;0.6;premium control gate;profile_fragment;medium;none;hidden;answer_count;Dystansowanie się od tego, na czym nam zależy, jest wzorcem ochronnym.;{"primary_percent": 52, "secondary_percent": 48};;;Do you claim not to care about the things you care about most?;Yes, I do that | No, I'm direct;Distancing from what we care about is a protection pattern.;Care denial identified.;How you distance from what matters reveals a protection pattern.;The Observer;Control Gate;protection
TO99-P057;premium;secret;epic;87;shadow;4;5;9;Co poświęciłeś dla kogoś i nigdy Ci tego nie oddał?;open;Czas | Uwagę | Możliwości | Część siebie;emotion;{"emotion": 5, "connection": -4};unreciprocated_sacrifice;Niezwrócone poświęcenie zarejestrowane.;none;medium;0.9;premium shadow;profile_fragment;high;none;hidden;answer_count;Wzorzec niezwróconego poświęcenia kształtuje przyszłe oczekiwania.;{"primary_percent": 37, "secondary_percent": 27};;;What did you sacrifice for someone who never gave it back?;Time | Attention | Opportunities | A part of yourself;The unreciprocated sacrifice pattern shapes future expectations.;Unreciprocated sacrifice registered.;What you gave without return is still affecting your relational expectations.;The Anchor;Shadow Question;attachment
TO99-P058;premium;question;standard;27;future;1;2;3;Czy Twoje marzenia są coraz bardziej konkretne czy coraz bardziej ogólne z wiekiem?;binary;Coraz bardziej konkretne | Coraz bardziej ogólne;change;{"change": 2, "security": 2};dream_evolution;Ewolucja marzeń zarejestrowana.;none;low;0.3;premium future self;community_reveal;low;none;hidden;answer_count;Ewolucja marzeń jest miernikiem adaptacji do rzeczywistości.;{"primary_percent": 56, "secondary_percent": 44};;;Are your dreams becoming more specific or more general as you age?;More specific | More general;Dream evolution is a measure of adaptation to reality.;Dream evolution registered.;How your dreams change over time reveals your adaptation pattern.;The Pathfinder;Future Self;change
TO99-P059;premium;question;epic;89;threshold;4;5;9;Kogo w swoim życiu kochałeś, a nie mówiłeś tego dość głośno?;open;Rodzica | Przyjaciela | Partnera | Siebie;emotion;{"emotion": 8, "connection": 5};love_unexpressed;Nienazwana miłość zidentyfikowana.;none;high;0.9;premium threshold;profile_fragment;very_high;none;hidden;answer_count;Miłość, która pozostaje niewyraźna, zmienia wzorzec dawania.;{"primary_percent": 34, "secondary_percent": 26};;;Who in your life did you love but not say it loudly enough?;A parent | A friend | A partner | Myself;Love that remains unexpressed changes the giving pattern.;Unexpressed love was identified.;What you left unsaid in love is still part of your pattern.;The Anchor;Threshold Card;attachment
TO99-P060;premium;riddle;rare;40;pattern;2;3;5;Co jest zawsze o krok przed Tobą, bez względu na to, jak szybko biegniesz?;choice;Cel | Oczekiwania | Wersja idealna | Spokój;change;{"change": 3, "security": -3};perpetual_pursuit;Wzorzec wiecznego pościgu zarejestrowany.;none;low;0.5;premium pattern break;profile_fragment;medium;none;hidden;answer_count;Rzeczy, za którymi gonimy, definiują nas bardziej niż te, które mamy.;{"primary_percent": 38, "secondary_percent": 29};;;What is always one step ahead of you no matter how fast you run?;A goal | Expectations | An ideal version | Peace;What we pursue defines us more than what we have.;A perpetual pursuit pattern was registered.;What you can never catch reveals what drives you.;The Seeker;Pattern Break;ambition
TO99-P061;premium;question;rare;63;memory;3;4;7;Kiedy po raz ostatni zapomniałeś się całkowicie — zapomniałeś o kontroli, obrazie, przeszłości?;choice;W ciągu tygodnia | W ciągu miesiąca | W zeszłym roku | Nie pamiętam kiedy;security;{"security": -4, "emotion": 5};self_forgetting;Wzorzec zapomnienia siebie zarejestrowany.;none;low;0.6;premium memory trace;profile_fragment;medium;none;hidden;answer_count;Zdolność do zapomnienia o sobie jest rzadką i cenną cechą.;{"primary_percent": 31, "secondary_percent": 24};;;When did you last forget yourself completely — forget control, image, history?;Within a week | Within a month | Last year | I can't remember;The capacity to forget yourself is rare and valuable.;A self-forgetting pattern was registered.;When and if you lose yourself reveals your relationship with control.;The Catalyst;Memory Trace;freedom
TO99-P062;premium;question;epic;90;shadow;4;5;9;Co nienawidzisz w sobie, a co mogłoby być Twoją siłą?;open;Upór | Izolacja | Obsesja | Perfekcjonizm;security;{"security": -2, "change": 4};shadow_strength;Siła cienia zidentyfikowana.;none;medium;0.9;premium shadow;profile_fragment;very_high;none;hidden;answer_count;Każdy element cienia ma swoje odbicie w sile.;{"primary_percent": 28, "secondary_percent": 22};;;What do you hate in yourself that could be your strength?;Stubbornness | Isolation | Obsession | Perfectionism;Every shadow element has its reflection in strength.;A shadow strength was identified.;What you hate in yourself is also what drives your best work.;The Alchemist;Shadow Question;shadow
TO99-P063;premium;question;standard;16;control;1;2;3;Czy jesteś skłonny zmieniać zdanie publicznie?;binary;Tak, bez problemu | Tylko prywatnie;independence;{"independence": -2, "security": 2};public_change;Gotowość do zmiany zdania publicznie zarejestrowana.;none;low;0.3;premium social mirror;community_reveal;low;none;hidden;answer_count;Gotowość do publicznej zmiany zdania jest sygnałem pewności siebie.;{"primary_percent": 59, "secondary_percent": 41};;;Are you willing to change your mind publicly?;Yes, without difficulty | Only privately;Willingness to change your mind publicly is a confidence signal.;Public mind-change readiness registered.;Whether you update your views publicly reveals your ego flexibility.;The Explorer;Social Mirror;identity
TO99-P064;premium;question;epic;76;future;3;4;8;Gdybyś wiedział, że ten rok jest ostatnim, co zrobiłbyś inaczej?;open;Spędził czas inaczej | Powiedział coś ważnego | Zrezygnował z czegoś | Nic — żyję jak należy;change;{"change": 6, "security": -3};mortality_change;Wzorzec zmiany pod presją śmiertelności zarejestrowany.;none;medium;0.8;premium threshold;profile_fragment;high;none;hidden;answer_count;To, co zmieniamy pod presją śmiertelności, ujawnia nasze prawdziwe priorytety.;{"primary_percent": 32, "secondary_percent": 25};;;If you knew this was your last year, what would you do differently?;Spend time differently | Say something important | Give something up | Nothing — I live as I should;What we change under mortality pressure reveals our true priorities.;A mortality-change pattern was registered.;What you would change reveals what you currently defer.;The Catalyst;Future Self;values
TO99-P065;premium;game;rare;38;object;2;3;5;Wybierz dźwięk, który najlepiej oddaje Twój wewnętrzny stan w tym tygodniu.;choice;Szum wody | Cisza | Burza | Jednostajny rytm;emotion;{"emotion": 3, "change": 2};sound_state;Dźwiękowy stan wewnętrzny zarejestrowany.;none;low;0.4;premium object choice;profile_fragment;low;none;hidden;answer_count;Metafory dźwiękowe ujawniają stany emocjonalne trudne do wyrażenia słowami.;{"primary_percent": 33, "secondary_percent": 26};;;Choose the sound that best captures your internal state this week.;Sound of water | Silence | A storm | A steady rhythm;Sound metaphors reveal emotional states difficult to name directly.;An internal sound state was registered.;The sound you chose is a current emotional state signal.;The Mirror;Object Choice;emotion
TO99-P066;premium;riddle;epic;85;pattern;4;4;8;Co jest coraz słabsze, im bardziej je udowadniasz?;choice;Autorytet | Miłość | Wartości | Pewność siebie;security;{"security": -4, "independence": 4};proving_paradox;Paradoks udowadniania zarejestrowany.;none;medium;0.8;premium pattern break;profile_fragment;high;none;hidden;answer_count;Potrzeba udowodnienia jest innym obliczem niepewności.;{"primary_percent": 35, "secondary_percent": 27};;;What grows weaker the more you try to prove it?;Authority | Love | Values | Confidence;The need to prove is another face of uncertainty.;A proving paradox was registered.;What you over-prove reveals what you most doubt.;The Observer;Pattern Break;security
TO99-P067;premium;secret;rare;60;shadow;3;4;7;Kiedy ostatnio zachowałeś się wbrew temu, czego od siebie oczekujesz?;choice;W tym tygodniu | W tym miesiącu | W tym roku | Staram się zawsze być spójny;security;{"security": -3, "change": 3};self-inconsistency;Własna niespójność zarejestrowana.;none;low;0.6;premium shadow;profile_fragment;medium;none;hidden;answer_count;Momenty własnej niespójności są cennymi punktami danych profilu.;{"primary_percent": 41, "secondary_percent": 32};;;When did you last act against what you expect from yourself?;This week | This month | This year | I try to always be consistent;Moments of self-inconsistency are valuable profile data points.;Self-inconsistency was registered.;The gap between your ideal self and your actions is a key signal.;The Alchemist;Shadow Question;identity
TO99-P068;premium;question;standard;30;social;1;2;4;Jak reagujesz, gdy ktoś nie zgadza się z Twoją opinią?;open;Słucham i rozważam | Próbuję przekonać | Dystansuję się | Staram się zrozumieć skąd to pochodzi;independence;{"independence": 2, "connection": 1};disagreement_response;Odpowiedź na niezgodę zarejestrowana.;none;low;0.4;premium social mirror;community_reveal;low;none;hidden;answer_count;Sposób reagowania na niezgodę jest sygnałem elastyczności tożsamości.;{"primary_percent": 36, "secondary_percent": 28};;;How do you respond when someone disagrees with your view?;I listen and consider | I try to persuade | I pull back | I try to understand where it comes from;How you respond to disagreement is an identity flexibility signal.;Disagreement response registered.;Your response to opposing views is an ego flexibility signal.;The Explorer;Social Mirror;identity
TO99-P069;premium;question;epic;74;memory;3;5;8;Jaką decyzję byś cofnął, gdybyś mógł — nie ze względu na wynik, lecz ze względu na powód, dla którego ją podjąłeś?;open;Odejście od kogoś | Pozostanie zbyt długo | Milczenie | Działanie ze strachu;emotion;{"emotion": 6, "change": 4};decision_regret;Żal decyzyjny zarejestrowany.;none;medium;0.8;premium memory trace;profile_fragment;high;none;hidden;answer_count;Żal za powodem decyzji jest głębszy niż żal za skutkiem.;{"primary_percent": 29, "secondary_percent": 23};;;Which decision would you reverse — not for the outcome, but for the reason you made it?;Leaving someone | Staying too long | Silence | Acting from fear;Regret for the reason is deeper than regret for the outcome.;A decision regret was registered.;You regret not the result but the motive — that is a deeper signal.;The Observer;Memory Trace;depth
TO99-P070;premium;question;rare;48;control;2;3;6;Ile razy w tygodniu sprawdzasz coś, o czym już wiesz?;choice;Wielokrotnie | Raz lub dwa razy | Rzadko | Prawie nigdy;security;{"security": 4, "control": 3};verification_pattern;Wzorzec weryfikacji zarejestrowany.;none;low;0.5;premium control gate;profile_fragment;medium;none;hidden;answer_count;Częstość weryfikacji tego, co już wiemy, ujawnia wzorzec pewności.;{"primary_percent": 42, "secondary_percent": 31};;;How many times a week do you check something you already know?;Multiple times | Once or twice | Rarely | Almost never;Frequency of verifying what we already know reveals a certainty pattern.;Verification pattern registered.;How often you re-check what you know reveals your certainty needs.;The Architect;Control Gate;security
TO99-P071;premium;question;legendary;98;threshold;5;5;10;Co chciałbyś, żeby ktoś zapytał Cię dzisiaj, a nikt nie zapyta?;open;O moje lęki | O moje marzenia | O to, jak naprawdę się czuję | O to, czego potrzebuję;connection;{"connection": 6, "emotion": 7};unsked_question;Niezadane pytanie zidentyfikowane.;none;high;1.0;premium threshold legendary;profile_fragment;very_high;none;hidden;answer_count;Pytanie, którego chcemy, jest formą ujawnionej tęsknoty.;{"primary_percent": 47, "secondary_percent": 35};;;What would you want someone to ask you today that no one will?;About my fears | About my dreams | How I really feel | What I need;The question we want is a form of revealed longing.;An unasked question was identified.;The question you wish someone would ask reveals your hidden need.;The Mirror;Threshold Card;connection
TO99-P072;premium;question;rare;43;future;2;3;5;Co musi się wydarzyć, zanim przyznasz sobie prawo do odpoczynku?;open;Zakończenie czegoś | Osiągnięcie czegoś | Pozwolenie od kogoś | Nic — daję sobie to zawsze;security;{"security": -3, "control": 4};rest_permission;Wzorzec pozwolenia na odpoczynek zarejestrowany.;none;low;0.5;premium future self;profile_fragment;medium;none;hidden;answer_count;To, co musi się wydarzyć przed odpoczynkiem, ujawnia Twój wzorzec zasługiwania.;{"primary_percent": 37, "secondary_percent": 28};;;What has to happen before you allow yourself to rest?;Finishing something | Achieving something | Getting permission | Nothing — I always allow it;What must happen before rest reveals your worthiness pattern.;Rest permission pattern registered.;Your conditions for rest are a productivity and self-worth signal.;The Pathfinder;Future Self;worthiness
TO99-P073;premium;secret;epic;78;shadow;4;5;8;Jakie zachowanie tolerujesz w innych, którego nie tolerowałbyś u siebie?;open;Spóźnianie się | Impulsywność | Unikanie | Kłamstwo;security;{"security": -2, "emotion": 3};double_standard;Podwójny standard zidentyfikowany.;none;medium;0.8;premium shadow;profile_fragment;high;none;hidden;answer_count;Podwójne standardy ujawniają asymetrię w naszym systemie wartości.;{"primary_percent": 34, "secondary_percent": 26};;;What behavior do you tolerate in others that you would not tolerate in yourself?;Being late | Impulsiveness | Avoidance | Dishonesty;Double standards reveal asymmetry in our value system.;A double standard was identified.;The tolerance gap between yourself and others is a values signal.;The Observer;Shadow Question;values
TO99-P074;premium;question;standard;29;social;1;2;4;Kiedy ktoś jest smutny, co robisz jako pierwsze?;open;Słucham | Próbuję rozwiązać problem | Daję przestrzeń | Czuję się niekomfortowo;connection;{"connection": 3, "emotion": 2};comfort_style;Styl pocieszania zarejestrowany.;none;low;0.4;premium social mirror;community_reveal;low;none;hidden;answer_count;Styl pocieszania ujawnia Twoją teorię bólu.;{"primary_percent": 43, "secondary_percent": 32};;;When someone is sad, what is your first move?;I listen | I try to solve it | I give space | I feel uncomfortable;Your comforting style reveals your theory of pain.;Comfort style registered.;How you respond to others' sadness reveals your care model.;The Anchor;Social Mirror;empathy
TO99-P075;premium;question;epic;72;future;3;4;8;Jaki wariant Twojego życia mógłbyś tolerować, a jaki byłby nie do przyjęcia?;open;Samotność | Brak sukcesu | Brak miłości | Brak sensu;security;{"security": 4, "emotion": 5};life_tolerance;Tolerancja życiowa zarejestrowana.;none;medium;0.8;premium threshold;profile_fragment;high;none;hidden;answer_count;Granice tolerancji definiują nasze prawdziwe priorytety.;{"primary_percent": 29, "secondary_percent": 22};;;What variant of your life could you tolerate, and which would be unacceptable?;Loneliness | Lack of success | Lack of love | Lack of meaning;Tolerance limits define our true priorities.;Life tolerance pattern registered.;What you cannot tolerate in your life reveals your hierarchy.;The Guardian;Future Self;values
TO99-P076;premium;riddle;rare;39;pattern;2;3;5;Co ma moc, gdy jest małe, i traci ją, gdy dorasta?;choice;Tajemnica | Marzenie | Bunt | Pytanie;change;{"change": 3, "security": -2};smallness_power;Moc małości zarejestrowana.;none;low;0.4;premium pattern break;profile_fragment;medium;none;hidden;answer_count;Niektóre rzeczy istnieją w stanie małości, który daje im siłę.;{"primary_percent": 36, "secondary_percent": 28};;;What has power when small and loses it when grown?;A secret | A dream | A rebellion | A question;Some things exist in a small state that gives them power.;Smallness-power pattern registered.;What grows weaker when fulfilled is a signal about desire.;The Seeker;Pattern Break;growth
TO99-P077;premium;question;rare;65;shadow;3;4;7;Co powiedziałeś komuś ze złości i czego teraz żałujesz?;open;Że go nie potrzebuję | Że go nie kocham | Że jest słaby | Coś o jego lękach;emotion;{"emotion": 6, "connection": -3};anger_regret;Żal za słowa ze złości zarejestrowany.;none;medium;0.7;premium shadow;profile_fragment;high;none;hidden;answer_count;Słowa ze złości są oknem na nieuregulowane potrzeby.;{"primary_percent": 38, "secondary_percent": 29};;;What did you say to someone in anger that you now regret?;That I don't need them | That I don't love them | That they are weak | Something about their fears;Angry words are a window into unregulated needs.;An anger regret was registered.;What you say in anger reveals what you feel most unprotected about.;The Rebel;Shadow Question;anger
TO99-P078;premium;question;standard;15;control;1;2;3;Czy lubisz być zaskakiwany?;binary;Tak | Nie;security;{"security": -2, "curiosity": 3};surprise_tolerance;Tolerancja na zaskoczenia zarejestrowana.;none;low;0.3;premium control gate;community_reveal;low;none;hidden;answer_count;Tolerancja na niespodzianki jest szybką miarą otwartości na nieprzewidywalność.;{"primary_percent": 64, "secondary_percent": 36};;;Do you enjoy being surprised?;Yes | No;Tolerance for surprises is a quick measure of openness to unpredictability.;Surprise tolerance registered.;Whether you like surprises reveals your control orientation.;The Explorer;Control Gate;openness
TO99-P079;premium;question;epic;83;threshold;4;5;9;Czego sobie nie przebaczasz?;open;Czegoś co zrobiłem | Czegoś czego nie zrobiłem | Słów, których użyłem | Czasu, który zmarnowałem;emotion;{"emotion": 7, "security": -3};self_forgiveness;Wzorzec nieprzebaczania sobie zarejestrowany.;none;high;0.9;premium threshold;profile_fragment;very_high;none;hidden;answer_count;To, czego sobie nie przebaczamy, trzyma nas w przeszłości.;{"primary_percent": 44, "secondary_percent": 33};;;What do you not forgive yourself for?;Something I did | Something I didn't do | Words I used | Time I wasted;What we don't forgive ourselves for holds us in the past.;Self-forgiveness pattern registered.;Your self-unforgiven wound is still active in your pattern.;The Observer;Threshold Card;shadow
TO99-P080;premium;game;rare;37;object;2;3;5;Wybierz element, który symbolizuje Twoją zdolność do zmiany.;choice;Woda | Ogień | Ziemia | Wiatr;change;{"change": 4, "security": -1};change_element;Element zmiany zidentyfikowany.;none;low;0.4;premium object choice;profile_fragment;medium;none;hidden;answer_count;Metafory elementów ujawniają wzorzec podejścia do transformacji.;{"primary_percent": 34, "secondary_percent": 27};;;Choose the element that symbolizes your capacity for change.;Water | Fire | Earth | Wind;Element metaphors reveal transformation approach patterns.;A change element was identified.;Your chosen element reflects how you transform.;The Catalyst;Object Choice;change
TO99-P081;premium;secret;epic;75;shadow;4;5;8;Co by się stało, gdybyś przestał się starać?;open;Wszystko by się posypało | Nic — tylko ja wierzę, że tak | Byłoby mi lepiej | Nie mogę tego wiedzieć;security;{"security": -4, "emotion": 5};effort_dependency;Zależność od wysiłku zidentyfikowana.;none;medium;0.8;premium shadow;profile_fragment;high;none;hidden;answer_count;Wyobrażenie tego, co się stanie bez wysiłku, ujawnia wzorzec kontroli.;{"primary_percent": 31, "secondary_percent": 24};;;What would happen if you stopped trying?;Everything would fall apart | Nothing — only I believe that | I would feel better | I cannot know;Imagining what happens without effort reveals a control pattern.;Effort dependency was identified.;Your relationship with effort reveals how safe you feel without it.;The Guardian;Shadow Question;control
TO99-P082;premium;question;standard;32;social;1;2;4;Jak długo pamiętasz, gdy ktoś jest dla Ciebie nieprzyjemny?;choice;Godziny | Dni | Tygodnie | Długo, ale puszczam;emotion;{"emotion": 3, "security": -1};grudge_duration;Czas trwania urazy zarejestrowany.;none;low;0.3;premium social mirror;community_reveal;low;none;hidden;answer_count;Czas trwania urazy jest sygnałem przetwarzania emocji.;{"primary_percent": 38, "secondary_percent": 29};;;How long do you remember when someone is unkind to you?;Hours | Days | Weeks | Long, but I let go;Duration of holding unkindness is an emotion processing signal.;Grudge duration registered.;How long you hold onto unkindness reveals your emotional metabolism.;The Guardian;Social Mirror;emotion
TO99-P083;premium;question;epic;86;memory;4;5;9;Którego momentu z przeszłości nie pamiętasz, ale o którym słyszałeś, że byłeś sobą?;open;Dzieciństwo | Czas kryzysu | Zakochania | Twórczości;emotion;{"emotion": 5, "security": 3};unremembered_self;Niezapamiętane ja zidentyfikowane.;none;medium;0.9;premium memory trace;profile_fragment;very_high;none;hidden;answer_count;To, czego nie pamiętamy o sobie, jest równie ważne jak to, co pamiętamy.;{"primary_percent": 27, "secondary_percent": 21};;;Which past moment don't you remember but have been told you were most yourself?;Childhood | A crisis | Falling in love | A creative period;What we don't remember about ourselves is as important as what we do.;An unremembered-self moment was identified.;The version of you that others remember is also you.;The Alchemist;Memory Trace;identity
TO99-P084;premium;question;rare;66;control;3;4;7;Czy jest coś, co inni robią za Ciebie, czego wolałbyś nie oddawać?;open;Decyzje | Planowanie | Troskę | Odpowiedzialność;control;{"control": 5, "connection": -2};control_return;Potrzeba odzyskania kontroli zarejestrowana.;none;medium;0.7;premium control gate;profile_fragment;high;none;hidden;answer_count;To, czego nie chcemy oddawać, ujawnia naszą najważniejszą strefę kontroli.;{"primary_percent": 36, "secondary_percent": 28};;;Is there something others do for you that you would rather keep for yourself?;Decisions | Planning | Care | Responsibility;What we don't want to give away reveals our most important control zone.;Control return need registered.;What you cannot delegate reveals your control boundary.;The Architect;Control Gate;autonomy
TO99-P085;premium;riddle;legendary;90;pattern;5;4;9;Co jest dokładnie tym, czym się staje, gdy myślisz, że o tym zapomniałeś?;choice;Wstyd | Tęsknota | Strach | Przyzwyczajenie;security;{"security": 3, "emotion": 4};dormant_activation;Uśpiona aktywacja zidentyfikowana.;none;high;0.9;premium pattern break;profile_fragment;very_high;none;hidden;answer_count;To, co wraca, gdy zapomnimy, jest trwałe.;{"primary_percent": 33, "secondary_percent": 26};;;What becomes exactly what it is when you think you have forgotten it?;Shame | Longing | Fear | Habit;What returns when forgotten is permanent.;A dormant activation pattern was identified.;What you think you've let go of is often the most persistent signal.;The Observer;Pattern Break;shadow
TO99-P086;premium;question;standard;33;future;1;2;4;Kiedy wyobrażasz sobie idealny dzień za 5 lat, co jest w nim?;open;Spokój | Praca, którą kocham | Osoby, które kocham | Wolność;change;{"change": 2, "security": 2};ideal_future;Obraz idealnej przyszłości zarejestrowany.;none;low;0.4;premium future self;profile_fragment;low;none;hidden;answer_count;Treść wyobrażonej przyszłości jest mapą ukrytych wartości.;{"primary_percent": 41, "secondary_percent": 32};;;When you imagine a perfect day in 5 years, what is in it?;Peace | Work I love | People I love | Freedom;The content of an imagined future is a map of hidden values.;An ideal future image was registered.;What you put in your future reveals what you're missing now.;The Seeker;Future Self;values
TO99-P087;premium;secret;rare;44;shadow;3;4;6;Co wywołuje w Tobie zazdrość, mimo że nie przyznajesz się do tego?;open;Sukces innych | Czyjaś relacja | Czyjaś pewność siebie | Czyjś spokój;emotion;{"emotion": 4, "security": -3};denied_envy;Zaprzeczana zazdrość zidentyfikowana.;none;low;0.6;premium shadow;profile_fragment;medium;none;hidden;answer_count;Zazdrość wskazuje na niezaspokojone pragnienia.;{"primary_percent": 37, "secondary_percent": 28};;;What triggers envy in you that you don't admit to?;Others' success | Someone's relationship | Someone's confidence | Someone's peace;Envy points toward unmet desires.;Denied envy was identified.;What you envy but deny reveals what you want but won't claim.;The Observer;Shadow Question;desire
TO99-P088;premium;question;epic;73;threshold;3;4;8;Co zrobiłeś dla kogoś, co cię kosztowało więcej, niż on będzie wiedział?;open;Czas | Zrezygnowanie z czegoś | Emocje | Milczenie;connection;{"connection": 5, "emotion": 5};hidden_cost;Ukryty koszt zarejestrowany.;none;medium;0.8;premium threshold;profile_fragment;high;none;hidden;answer_count;Poświęcenia, o których inni nie wiedzą, kształtują wzorzec dawania.;{"primary_percent": 36, "secondary_percent": 27};;;What did you do for someone that cost you more than they will ever know?;Time | Giving something up | Emotion | Silence;Sacrifices others don't know about shape the giving pattern.;A hidden cost was registered.;What you give invisibly is a signal about how you love.;The Anchor;Threshold Card;giving
TO99-P089;premium;game;epic;71;object;3;4;7;Wybierz krajobraz, który najlepiej opisuje Twój wewnętrzny świat teraz.;choice;Otwarte pole | Gęsty las | Wybrzeże | Góry;emotion;{"emotion": 4, "security": 2};inner_landscape;Wewnętrzny krajobraz zidentyfikowany.;none;medium;0.7;premium object choice;profile_fragment;high;none;hidden;answer_count;Krajobraz wewnętrzny jest rzadką ale bogatą metaforą stanu.;{"primary_percent": 32, "secondary_percent": 25};;;Choose the landscape that best describes your inner world right now.;Open field | Dense forest | Coastline | Mountains;Inner landscape is a rare but rich state metaphor.;An inner landscape was identified.;The landscape you chose reflects your current internal state.;The Explorer;Object Choice;state
TO99-P090;premium;question;rare;67;memory;3;4;7;Kiedy poczułeś się naprawdę widziany przez kogoś — i jak to wyglądało?;open;Ktoś powiedział coś precyzyjnego | Ktoś zareagował bez słów | Ktoś po prostu był | Nie pamiętam takiego momentu;connection;{"connection": 6, "emotion": 4};being_seen;Wzorzec bycia widzianym zarejestrowany.;none;low;0.7;premium memory trace;profile_fragment;high;none;hidden;answer_count;Moment bycia widzianym definiuje, czego szukamy w relacjach.;{"primary_percent": 29, "secondary_percent": 23};;;When did you feel truly seen by someone — and what did it look like?;Someone said something precise | Someone reacted without words | Someone was just present | I don't remember such a moment;The moment of being seen defines what we seek in relationships.;A being-seen pattern was registered.;How you were seen shapes what you look for in connection.;The Mirror;Memory Trace;connection
TO99-P091;premium;question;standard;28;control;1;2;3;Kiedy przerywasz pracę, co najczęściej Cię do tego skłania?;open;Zmęczenie | Kończę zadanie | Rozproszenie | Wewnętrzne poczucie, że to dobry moment;control;{"control": 2, "emotion": 1};work_pause;Wzorzec przerywania pracy zarejestrowany.;none;low;0.3;premium control gate;community_reveal;low;none;hidden;answer_count;To, co zatrzymuje pracę, ujawnia relację z produktywnością.;{"primary_percent": 42, "secondary_percent": 31};;;When do you stop working, what usually moves you to stop?;Exhaustion | Task completion | Distraction | An internal sense it's time;What stops your work reveals your relationship with productivity.;A work-pause pattern was registered.;Your stopping cue is a signal about how you relate to tasks.;The Architect;Control Gate;productivity
TO99-P092;premium;question;epic;79;shadow;4;5;8;Czego od siebie wymagasz, czego nie mógłbyś wymagać od żadnego przyjaciela?;open;Bycia zawsze silnym | Nieodczuwania strachu | Braku potrzeby | Zawsze bycia gotowym;emotion;{"emotion": 5, "security": -4};self_standard;Własny standard zidentyfikowany.;none;medium; 0.8;premium shadow;profile_fragment;high;none;hidden;answer_count;To, czego wymagamy od siebie a nie od innych, ujawnia naszą najgłębszą nietolerancję.;{"primary_percent": 33, "secondary_percent": 25};;;What do you demand from yourself that you would never demand from a friend?;To always be strong | To never feel fear | To have no needs | To always be ready;What we demand from ourselves but not others reveals our deepest intolerance.;A self-standard was identified.;Your self-demands reveal what you cannot accept in yourself.;The Guardian;Shadow Question;self-concept
TO99-P093;premium;riddle;rare;55;pattern;3;3;6;Co masz w środku, a czego nie widać z zewnątrz?;choice;Cierpliwość | Żal | Siłę | Rozczarowanie;emotion;{"emotion": 4, "security": 2};interior_invisible;Niewidoczne wnętrze zidentyfikowane.;none;low;0.5;premium pattern break;profile_fragment;medium;none;hidden;answer_count;Wzorzec ukrytej siły wewnętrznej jest ważnym sygnałem.;{"primary_percent": 38, "secondary_percent": 29};;;What do you have inside that is not visible from the outside?;Patience | Regret | Strength | Disappointment;The hidden interior strength pattern is an important signal.;An interior invisible was identified.;What you carry that others cannot see is a key profile data point.;The Observer;Pattern Break;depth
TO99-P094;premium;secret;legendary;99;threshold;5;5;10;Opisz moment, w którym nie byłeś sobą — i pamiętasz, że to wiedziałeś.;open;Kłamałem | Zgodziłem się, gdy nie chciałem | Działałem ze strachu | Byłem kimś, kogo nie lubię;security;{"security": -5, "emotion": 8};self_betrayal;Zdrada siebie zarejestrowana.;none;high;1.0;premium threshold legendary;profile_fragment;very_high;none;hidden;answer_count;Wiedza o zdradzie siebie w trakcie czynienia jest najrzadszym wzorcem.;{"primary_percent": 37, "secondary_percent": 28};;;Describe a moment when you were not yourself — and you knew it in the moment.;I lied | I agreed when I didn't want to | I acted from fear | I became someone I don't like;Knowing you are betraying yourself while doing it is the rarest pattern.;A self-betrayal was registered.;You have experienced the gap between who you are and who you acted as.;The Alchemist;Threshold Card;identity
TO99-P095;premium;question;rare;62;social;2;4;6;Jakim językiem mówisz do siebie, gdy nie dajesz rady?;open;Karzę się | Jestem łagodny | Analizuję co się stało | Ignoruję to;emotion;{"emotion": 5, "security": -3};inner_voice;Wewnętrzny głos w trudnych momentach zidentyfikowany.;none;low;0.6;premium social mirror;profile_fragment;medium;none;hidden;answer_count;Język wewnętrzny w trudnych momentach jest jednym z najważniejszych sygnałów.;{"primary_percent": 36, "secondary_percent": 27};;;What language do you use with yourself when you are struggling?;I punish myself | I'm gentle | I analyze what happened | I ignore it;Internal language in hard moments is one of the most important signals.;Inner voice pattern was identified.;How you speak to yourself when struggling is a core self-concept signal.;The Mirror;Social Mirror;self-concept
TO99-P096;premium;question;epic;77;memory;3;5;8;Co czułeś, gdy byłeś dziełem w toku — i co czujesz do tej wersji siebie teraz?;open;Wstyd | Współczucie | Ciekawość | Dystans;emotion;{"emotion": 6, "change": 3};work_in_progress;Stosunek do siebie w trakcie stawania się zarejestrowany.;none;medium;0.8;premium memory trace;profile_fragment;high;none;hidden;answer_count;Stosunek do siebie niedokończonego jest wzorcem wzrostu.;{"primary_percent": 28, "secondary_percent": 22};;;What did you feel being a work-in-progress — and how do you feel about that version of yourself now?;Shame | Compassion | Curiosity | Distance;Relationship with the unfinished self is a growth pattern.;Work-in-progress relation was registered.;How you relate to your past developing self reveals your growth orientation.;The Seeker;Memory Trace;growth
TO99-P097;premium;question;standard;31;future;1;2;3;Co chcesz mieć do powiedzenia o sobie za 20 lat?;open;Że byłem odważny | Że byłem obecny | Że byłem prawdziwy | Że zbudowałem coś trwałego;change;{"change": 2, "security": 2};legacy_vision;Wizja dziedzictwa zarejestrowana.;none;low;0.4;premium future self;profile_fragment;low;none;hidden;answer_count;Dziedzictwo, o którym marzymy, ujawnia nasze aktywne wartości.;{"primary_percent": 38, "secondary_percent": 29};;;What do you want to be able to say about yourself in 20 years?;That I was brave | That I was present | That I was real | That I built something lasting;The legacy we dream of reveals our active values.;A legacy vision was registered.;What you want said about you reveals what you're building now.;The Pathfinder;Future Self;legacy
TO99-P098;premium;question;epic;80;threshold;4;5;8;Czego nauczyłeś się o sobie w ostatnim roku, czego byś nie powiedział rok wcześniej?;open;Że potrzebuję więcej niż sądziłem | Że jestem silniejszy niż myślałem | Że nie jestem tym, za kogo się uważałem | Że czas coś zmienić;change;{"change": 5, "security": -2};annual_learning;Roczna nauka zarejestrowana.;none;medium;0.8;premium threshold;profile_fragment;high;none;hidden;answer_count;Wiedza, do której dochodzi się przez doświadczenie, jest inna niż ta, którą mamy.;{"primary_percent": 32, "secondary_percent": 25};;;What have you learned about yourself in the last year that you wouldn't have said a year ago?;I need more than I thought | I'm stronger than I thought | I'm not who I thought I was | It's time to change something;Knowledge reached through experience is different from knowledge held.;Annual learning registered.;What you've learned this year about yourself is a pattern shift signal.;The Catalyst;Threshold Card;growth
TO99-P099;premium;question;rare;47;control;2;3;6;Kiedy ostatnio zrobiłeś coś, o czym nikt nie wiedział, i nie zamierzałeś mówić?;choice;W tym tygodniu | W tym miesiącu | Dawno temu | Zawsze mówię o tym co robię;independence;{"independence": 4, "connection": -2};private_action;Prywatne działanie zarejestrowane.;none;low;0.5;premium control gate;profile_fragment;medium;none;hidden;answer_count;Działania, o których nie mówimy, są elementem przestrzeni prywatnej.;{"primary_percent": 43, "secondary_percent": 33};;;When did you last do something no one knew about and you didn't plan to tell?;This week | This month | Long ago | I always share what I do;Actions we don't share are elements of private space.;A private action was registered.;What you do in private and keep private is an autonomy signal.;The Rebel;Control Gate;autonomy
TO99-P100;premium;secret;legendary;98;threshold;5;5;10;Powiedz mi jedno zdanie, które jest prawdziwe o Tobie i tylko Ty o tym wiesz.;open;Piszę je;emotion;{"emotion": 8, "independence": 5};singular_truth;Jedyna prawda zidentyfikowana.;none;high;1.0;premium threshold legendary;profile_fragment;very_high;none;hidden;answer_count;Każdy nosi zdanie, które pasuje tylko do niego.;{"primary_percent": 100, "secondary_percent": 0};;;Tell me one sentence that is true about you and only you know it.;Write it;Everyone carries a sentence that fits only them.;A singular truth was identified.;You know something about yourself that no one else does.;The Alchemist;Threshold Card;identity
